"","Country","Date","Total_Vaccinations","Source_url"
"1","United Arab Emirates","2021-01-05",826301,"https://fcsc.gov.ae/en-us/Pages/Covid19/UAE-Covid-19-Updates.aspx"
"2","United Arab Emirates","2021-01-06",826301,"https://fcsc.gov.ae/en-us/Pages/Covid19/UAE-Covid-19-Updates.aspx"
"3","United Arab Emirates","2021-01-07",887697,"https://fcsc.gov.ae/en-us/Pages/Covid19/UAE-Covid-19-Updates.aspx"
"4","United Arab Emirates","2021-01-08",941556,"https://fcsc.gov.ae/en-us/Pages/Covid19/UAE-Covid-19-Updates.aspx"
"5","United Arab Emirates","2021-01-09",1020349,"https://fcsc.gov.ae/en-us/Pages/Covid19/UAE-Covid-19-Updates.aspx"
"6","United Arab Emirates","2021-01-10",1086568,"https://twitter.com/NCEMAUAE/status/1348238179673976832"
"7","United Arab Emirates","2021-01-11",1167251,"https://fcsc.gov.ae/en-us/Pages/Covid19/UAE-Covid-19-Updates.aspx"
"8","United Arab Emirates","2021-01-12",1275652,"https://fcsc.gov.ae/en-us/Pages/Covid19/UAE-Covid-19-Updates.aspx"
"9","United Arab Emirates","2021-01-13",1394580,"https://fcsc.gov.ae/en-us/Pages/Covid19/UAE-Covid-19-Updates.aspx"
"10","United Arab Emirates","2021-01-14",1527833,"https://fcsc.gov.ae/en-us/Pages/Covid19/UAE-Covid-19-Updates.aspx"
"11","United Arab Emirates","2021-01-15",1665987,"https://fcsc.gov.ae/en-us/Pages/Covid19/UAE-Covid-19-Updates.aspx"
"12","United Arab Emirates","2021-01-16",1797926,"https://fcsc.gov.ae/en-us/Pages/Covid19/UAE-Covid-19-Updates.aspx"
"13","United Arab Emirates","2021-01-17",1882778,"https://fcsc.gov.ae/en-us/Pages/Covid19/UAE-Covid-19-Updates.aspx"
"14","United Arab Emirates","2021-01-18",1971521,"https://fcsc.gov.ae/en-us/Pages/Covid19/UAE-Covid-19-Updates.aspx"
"15","United Arab Emirates","2021-01-19",2065367,"https://fcsc.gov.ae/en-us/Pages/Covid19/UAE-Covid-19-Updates.aspx"
"16","United Arab Emirates","2021-01-20",2161150,"https://fcsc.gov.ae/en-us/Pages/Covid19/UAE-Covid-19-Updates.aspx"
"17","United Arab Emirates","2021-01-21",2246069,"https://fcsc.gov.ae/en-us/Pages/Covid19/UAE-Covid-19-Updates.aspx"
"18","United Arab Emirates","2021-01-22",2339073,"https://fcsc.gov.ae/en-us/Pages/Covid19/UAE-Covid-19-Updates.aspx"
"19","United Arab Emirates","2021-01-23",2426793,"https://fcsc.gov.ae/en-us/Pages/Covid19/UAE-Covid-19-Updates.aspx"
"20","United Arab Emirates","2021-01-24",2487784,"https://fcsc.gov.ae/en-us/Pages/Covid19/UAE-Covid-19-Updates.aspx"
"21","United Arab Emirates","2021-01-25",2571086,"https://fcsc.gov.ae/en-us/Pages/Covid19/UAE-Covid-19-Updates.aspx"
"22","United Arab Emirates","2021-01-26",2677675,"https://fcsc.gov.ae/en-us/Pages/Covid19/UAE-Covid-19-Updates.aspx"
"23","United Arab Emirates","2021-01-27",2764445,"https://fcsc.gov.ae/en-us/Pages/Covid19/UAE-Covid-19-Updates.aspx"
"24","United Arab Emirates","2021-01-28",2868645,"https://fcsc.gov.ae/en-us/Pages/Covid19/UAE-Covid-19-Updates.aspx"
"25","United Arab Emirates","2021-01-29",3006601,"https://fcsc.gov.ae/en-us/Pages/Covid19/UAE-Covid-19-Updates.aspx"
"26","United Arab Emirates","2021-01-30",3114162,"https://fcsc.gov.ae/en-us/Pages/Covid19/UAE-Covid-19-Updates.aspx"
"27","United Arab Emirates","2021-01-31",3334162,"https://fcsc.gov.ae/en-us/Pages/Covid19/UAE-Covid-19-Updates.aspx"
"28","United Arab Emirates","2021-02-01",3440777,"https://fcsc.gov.ae/en-us/Pages/Covid19/UAE-Covid-19-Updates.aspx"
"29","United Arab Emirates","2021-02-02",3564517,"https://fcsc.gov.ae/en-us/Pages/Covid19/UAE-Covid-19-Updates.aspx"
"30","United Arab Emirates","2021-02-03",3691591,"https://fcsc.gov.ae/en-us/Pages/Covid19/UAE-Covid-19-Updates.aspx"
"31","United Arab Emirates","2021-02-04",3849374,"https://fcsc.gov.ae/en-us/Pages/Covid19/UAE-Covid-19-Updates.aspx"
"32","United Arab Emirates","2021-02-05",4008160,"https://fcsc.gov.ae/en-us/Pages/Covid19/UAE-Covid-19-Updates.aspx"
"33","United Arab Emirates","2021-02-06",4201347,"https://fcsc.gov.ae/en-us/Pages/Covid19/UAE-Covid-19-Updates.aspx"
"34","United Arab Emirates","2021-02-07",4313868,"https://fcsc.gov.ae/en-us/Pages/Covid19/UAE-Covid-19-Updates.aspx"
"35","United Arab Emirates","2021-02-08",4413649,"https://fcsc.gov.ae/en-us/Pages/Covid19/UAE-Covid-19-Updates.aspx"
"36","United Arab Emirates","2021-02-09",4527144,"https://fcsc.gov.ae/en-us/Pages/Covid19/UAE-Covid-19-Updates.aspx"
"37","United Arab Emirates","2021-02-10",4684658,"https://fcsc.gov.ae/en-us/Pages/Covid19/UAE-Covid-19-Updates.aspx"
"38","United Arab Emirates","2021-02-11",4792208,"https://fcsc.gov.ae/en-us/Pages/Covid19/UAE-Covid-19-Updates.aspx"
"39","United Arab Emirates","2021-02-12",4901795,"https://fcsc.gov.ae/en-us/Pages/Covid19/UAE-Covid-19-Updates.aspx"
"40","United Arab Emirates","2021-02-13",5005264,"https://fcsc.gov.ae/en-us/Pages/Covid19/UAE-Covid-19-Updates.aspx"
"41","United Arab Emirates","2021-02-14",5055231,"https://fcsc.gov.ae/en-us/Pages/Covid19/UAE-Covid-19-Updates.aspx"
"42","United Arab Emirates","2021-02-15",5086835,"https://fcsc.gov.ae/en-us/Pages/Covid19/UAE-Covid-19-Updates.aspx"
"43","United Arab Emirates","2021-02-16",5198725,"https://fcsc.gov.ae/en-us/Pages/Covid19/UAE-Covid-19-Updates.aspx"
"44","United Arab Emirates","2021-02-17",5284406,"https://fcsc.gov.ae/en-us/Pages/Covid19/UAE-Covid-19-Updates.aspx"
"45","United Arab Emirates","2021-02-18",5373730,"https://fcsc.gov.ae/en-us/Pages/Covid19/UAE-Covid-19-Updates.aspx"
"46","United Arab Emirates","2021-02-19",5466831,"https://fcsc.gov.ae/en-us/Pages/Covid19/UAE-Covid-19-Updates.aspx"
"47","United Arab Emirates","2021-02-20",5553391,"https://fcsc.gov.ae/en-us/Pages/Covid19/UAE-Covid-19-Updates.aspx"
"48","United Arab Emirates","2021-02-21",5554342,"https://fcsc.gov.ae/en-us/Pages/Covid19/UAE-Covid-19-Updates.aspx"
"49","United Arab Emirates","2021-02-22",5557793,"https://fcsc.gov.ae/en-us/Pages/Covid19/UAE-Covid-19-Updates.aspx"
"50","United Arab Emirates","2021-02-23",5668264,"https://twitter.com/NCEMAUAE/status/1364216211182026752"
"51","United Arab Emirates","2021-02-24",5761463,"https://fcsc.gov.ae/en-us/Pages/Covid19/UAE-Covid-19-Updates.aspx"
"52","United Arab Emirates","2021-02-25",5846036,"https://fcsc.gov.ae/en-us/Pages/Covid19/UAE-Covid-19-Updates.aspx"
"53","United Arab Emirates","2021-02-26",5933299,"https://fcsc.gov.ae/en-us/Pages/Covid19/UAE-Covid-19-Updates.aspx"
"54","United Arab Emirates","2021-02-27",6015089,"https://fcsc.gov.ae/en-us/Pages/Covid19/UAE-Covid-19-Updates.aspx"
"55","United Arab Emirates","2021-02-28",6020461,"https://fcsc.gov.ae/en-us/Pages/Covid19/UAE-Covid-19-Updates.aspx"
"56","United Arab Emirates","2021-03-01",6028417,"https://fcsc.gov.ae/en-us/Pages/Covid19/UAE-Covid-19-Updates.aspx"
"57","United Arab Emirates","2021-03-02",6094956,"https://fcsc.gov.ae/en-us/Pages/Covid19/UAE-Covid-19-Updates.aspx"
"58","United Arab Emirates","2021-03-03",6168330,"https://fcsc.gov.ae/en-us/Pages/Covid19/UAE-Covid-19-Updates.aspx"
"59","United Arab Emirates","2021-03-04",6204004,"https://fcsc.gov.ae/en-us/Pages/Covid19/UAE-Covid-19-Updates.aspx"
"60","United Arab Emirates","2021-03-05",6235316,"https://fcsc.gov.ae/en-us/Pages/Covid19/UAE-Covid-19-Updates.aspx"
"61","United Arab Emirates","2021-03-06",6265860,"https://fcsc.gov.ae/en-us/Pages/Covid19/UAE-Covid-19-Updates.aspx"
"62","United Arab Emirates","2021-03-07",6273009,"https://fcsc.gov.ae/en-us/Pages/Covid19/UAE-Covid-19-Updates.aspx"
"63","United Arab Emirates","2021-03-08",6287751,"https://fcsc.gov.ae/en-us/Pages/Covid19/UAE-Covid-19-Updates.aspx"
"64","United Arab Emirates","2021-03-09",6325211,"https://fcsc.gov.ae/en-us/Pages/Covid19/UAE-Covid-19-Updates.aspx"
"65","United Arab Emirates","2021-03-10",6367861,"https://fcsc.gov.ae/en-us/Pages/Covid19/UAE-Covid-19-Updates.aspx"
"66","United Arab Emirates","2021-03-11",6407350,"https://fcsc.gov.ae/en-us/Pages/Covid19/UAE-Covid-19-Updates.aspx"
"67","United Arab Emirates","2021-03-12",6462887,"https://fcsc.gov.ae/en-us/Pages/Covid19/UAE-Covid-19-Updates.aspx"
"68","United Arab Emirates","2021-03-13",6516723,"http://covid19.ncema.gov.ae/en"
"69","United Arab Emirates","2021-03-14",6540912,"http://covid19.ncema.gov.ae/en"
"70","United Arab Emirates","2021-03-15",6578881,"http://covid19.ncema.gov.ae/en"
"71","United Arab Emirates","2021-03-16",6668627,"http://covid19.ncema.gov.ae/en"
"72","United Arab Emirates","2021-03-17",6830369,"http://covid19.ncema.gov.ae/en"
"73","United Arab Emirates","2021-03-18",6980466,"http://covid19.ncema.gov.ae/en"
"74","United Arab Emirates","2021-03-19",7124146,"http://covid19.ncema.gov.ae/en"
"75","United Arab Emirates","2021-03-20",7181056,"http://covid19.ncema.gov.ae/en"
"76","United Arab Emirates","2021-03-21",7298768,"http://covid19.ncema.gov.ae/en"
"77","United Arab Emirates","2021-03-22",7374725,"http://covid19.ncema.gov.ae/en"
"78","United Arab Emirates","2021-03-23",7477881,"http://covid19.ncema.gov.ae/en"
"79","United Arab Emirates","2021-03-24",7603328,"http://covid19.ncema.gov.ae/en"
"80","United Arab Emirates","2021-03-25",7730375,"http://covid19.ncema.gov.ae/en"
"81","United Arab Emirates","2021-03-26",7799517,"http://covid19.ncema.gov.ae/en"
"82","United Arab Emirates","2021-03-27",7959682,"http://covid19.ncema.gov.ae/en"
"83","United Arab Emirates","2021-03-28",8081751,"http://covid19.ncema.gov.ae/en"
"84","United Arab Emirates","2021-03-29",8133841,"http://covid19.ncema.gov.ae/en"
"85","United Arab Emirates","2021-03-30",8220783,"http://covid19.ncema.gov.ae/en"
"86","United Arab Emirates","2021-03-31",8308469,"http://covid19.ncema.gov.ae/en"
"87","United Arab Emirates","2021-04-01",8391302,"http://covid19.ncema.gov.ae/en"
"88","United Arab Emirates","2021-04-02",8491382,"http://covid19.ncema.gov.ae/en"
"89","United Arab Emirates","2021-04-03",8559291,"http://covid19.ncema.gov.ae/en"
"90","United Arab Emirates","2021-04-04",8578979,"http://covid19.ncema.gov.ae/en"
"91","United Arab Emirates","2021-04-05",8596722,"http://covid19.ncema.gov.ae/en"
"92","United Arab Emirates","2021-04-06",8659503,"http://covid19.ncema.gov.ae/en"
"93","United Arab Emirates","2021-04-07",8707073,"http://covid19.ncema.gov.ae/en"
"94","United Arab Emirates","2021-04-08",8889571,"http://covid19.ncema.gov.ae/en"
"95","United Arab Emirates","2021-04-09",8923543,"http://covid19.ncema.gov.ae/en"
"96","United Arab Emirates","2021-04-10",8975014,"http://covid19.ncema.gov.ae/en"
"97","United Arab Emirates","2021-04-11",9005444,"http://covid19.ncema.gov.ae/en"
"98","United Arab Emirates","2021-04-12",9037923,"http://covid19.ncema.gov.ae/en"
"99","United Arab Emirates","2021-04-13",9156728,"http://covid19.ncema.gov.ae/en"
"100","United Arab Emirates","2021-04-14",9295462,"http://covid19.ncema.gov.ae/en"
"101","United Arab Emirates","2021-04-15",9387344,"http://covid19.ncema.gov.ae/en"
"102","United Arab Emirates","2021-04-16",9489684,"http://covid19.ncema.gov.ae/en"
"103","United Arab Emirates","2021-04-17",9601463,"http://covid19.ncema.gov.ae/en"
"104","United Arab Emirates","2021-04-18",9630200,"http://covid19.ncema.gov.ae/en"
"105","United Arab Emirates","2021-04-19",9675205,"http://covid19.ncema.gov.ae/en"
"106","Bahrain","2020-12-23",38965,"https://twitter.com/MOH_Bahrain/status/1341855276744491009"
"107","Bahrain","2020-12-24",50071,"https://twitter.com/MOH_Bahrain/status/1342189663688290306"
"108","Bahrain","2020-12-25",50543,"https://twitter.com/MOH_Bahrain/status/1342560182287667200"
"109","Bahrain","2020-12-26",51556,"https://twitter.com/MOH_Bahrain/status/1342912135828021248"
"110","Bahrain","2020-12-27",53614,"https://twitter.com/MOH_Bahrain/status/1343274904259596290"
"111","Bahrain","2020-12-28",55014,"https://twitter.com/MOH_Bahrain/status/1343640133376077827"
"112","Bahrain","2020-12-29",56041,"https://twitter.com/MOH_Bahrain/status/1343999609442627588"
"113","Bahrain","2020-12-30",57317,"https://twitter.com/MOH_Bahrain/status/1344362014995607559"
"114","Bahrain","2020-12-31",58643,"https://twitter.com/MOH_Bahrain/status/1344726256521261064"
"115","Bahrain","2021-01-01",59351,"https://twitter.com/MOH_Bahrain/status/1345086925414277123"
"116","Bahrain","2021-01-02",60097,"https://twitter.com/MOH_Bahrain/status/1345450650495307778"
"117","Bahrain","2021-01-03",60689,"https://twitter.com/MOH_Bahrain/status/1345812985516859395"
"118","Bahrain","2021-01-04",61612,"https://twitter.com/MOH_Bahrain/status/1346173998024040451"
"119","Bahrain","2021-01-05",63893,"https://twitter.com/MOH_Bahrain/status/1346544909399044096"
"120","Bahrain","2021-01-06",68472,"https://twitter.com/MOH_Bahrain/status/1346919458615554056"
"121","Bahrain","2021-01-07",72239,"https://twitter.com/MOH_Bahrain/status/1347269708467339264"
"122","Bahrain","2021-01-08",78291,"https://twitter.com/MOH_Bahrain/status/1347636465635905538"
"123","Bahrain","2021-01-09",84157,"https://twitter.com/MOH_Bahrain/status/1347998432615608325"
"124","Bahrain","2021-01-10",89250,"https://twitter.com/MOH_Bahrain/status/1348359483832086536"
"125","Bahrain","2021-01-11",92598,"https://twitter.com/MOH_Bahrain/status/1348718836925792262"
"126","Bahrain","2021-01-12",97776,"https://twitter.com/MOH_Bahrain/status/1349090704123949062"
"127","Bahrain","2021-01-13",NA,"https://twitter.com/MOH_Bahrain/status/1349446081852166146"
"128","Bahrain","2021-01-14",NA,"https://twitter.com/MOH_Bahrain/status/1349809013605748747"
"129","Bahrain","2021-01-15",NA,"https://twitter.com/MOH_Bahrain/status/1350171911695847427"
"130","Bahrain","2021-01-16",NA,"https://twitter.com/MOH_Bahrain/status/1350548905268801538"
"131","Bahrain","2021-01-17",NA,"https://twitter.com/MOH_Bahrain/status/1350896163348738050"
"132","Bahrain","2021-01-18",NA,"https://twitter.com/MOH_Bahrain/status/1351261870158700550"
"133","Bahrain","2021-01-19",NA,"https://twitter.com/MOH_Bahrain/status/1351630070599839745"
"134","Bahrain","2021-01-20",NA,"https://twitter.com/MOH_Bahrain/status/1352360527457091592"
"135","Bahrain","2021-01-26",NA,"https://twitter.com/MOH_Bahrain/status/1354172421448884226"
"136","Bahrain","2021-01-27",NA,"https://twitter.com/MOH_Bahrain/status/1354534759129440261"
"137","Bahrain","2021-01-28",NA,"https://twitter.com/MOH_Bahrain/status/1354897121137319936"
"138","Bahrain","2021-01-29",NA,"https://twitter.com/MOH_Bahrain/status/1355259668025782275"
"139","Bahrain","2021-01-30",NA,"https://twitter.com/MOH_Bahrain/status/1355621933505802245"
"140","Bahrain","2021-01-31",NA,"https://twitter.com/MOH_Bahrain/status/1355984300009795584"
"141","Bahrain","2021-02-01",NA,"https://twitter.com/MOH_Bahrain/status/1356346713984954368"
"142","Bahrain","2021-02-02",NA,"https://twitter.com/MOH_Bahrain/status/1356709170318372864"
"143","Bahrain","2021-02-03",NA,"https://twitter.com/MOH_Bahrain/status/1357071460129517568"
"144","Bahrain","2021-02-04",NA,"https://twitter.com/MOH_Bahrain/status/1357433853447729159"
"145","Bahrain","2021-02-05",NA,"https://twitter.com/MOH_Bahrain/status/1357796230684942341"
"146","Bahrain","2021-02-06",NA,"https://twitter.com/MOH_Bahrain/status/1358158619880079360"
"147","Bahrain","2021-02-07",NA,"https://twitter.com/MOH_Bahrain/status/1358521021045878800"
"148","Bahrain","2021-02-08",NA,"https://twitter.com/MOH_Bahrain/status/1358883639925354496"
"149","Bahrain","2021-02-09",NA,"https://twitter.com/MOH_Bahrain/status/1359245782092767236"
"150","Bahrain","2021-02-10",NA,"https://twitter.com/MOH_Bahrain/status/1359608515564871683"
"151","Bahrain","2021-02-11",NA,"https://twitter.com/MOH_Bahrain/status/1359970657468116996"
"152","Bahrain","2021-02-12",NA,"https://twitter.com/MOH_Bahrain/status/1360333937541799942"
"153","Bahrain","2021-02-13",NA,"https://twitter.com/MOH_Bahrain/status/1360697328559140875"
"154","Bahrain","2021-02-14",NA,"https://twitter.com/MOH_Bahrain/status/1361057740689461248"
"155","Bahrain","2021-02-15",NA,"https://twitter.com/MOH_Bahrain/status/1361420363603734533"
"156","Bahrain","2021-02-16",NA,"https://twitter.com/MOH_Bahrain/status/1361785294136180736"
"157","Bahrain","2021-02-17",NA,"https://twitter.com/MOH_Bahrain/status/1362144927535267841"
"158","Bahrain","2021-02-18",NA,"https://twitter.com/MOH_Bahrain/status/1362507467976970242"
"159","Bahrain","2021-02-19",NA,"https://twitter.com/MOH_Bahrain/status/1362869649663266817"
"160","Bahrain","2021-02-20",NA,"https://twitter.com/MOH_Bahrain/status/1363232040737533961"
"161","Bahrain","2021-02-21",NA,"https://twitter.com/MOH_Bahrain/status/1363594441639030787"
"162","Bahrain","2021-02-22",NA,"https://twitter.com/MOH_Bahrain/status/1363959177241124871"
"163","Bahrain","2021-02-23",NA,"https://twitter.com/MOH_Bahrain/status/1364319305555468288"
"164","Bahrain","2021-02-24",NA,"https://twitter.com/MOH_Bahrain/status/1364681672755736580"
"165","Bahrain","2021-02-25",NA,"https://twitter.com/MOH_Bahrain/status/1365044024827129860"
"166","Bahrain","2021-02-26",NA,"https://twitter.com/MOH_Bahrain/status/1365406359714414597"
"167","Bahrain","2021-02-27",NA,"https://twitter.com/MOH_Bahrain/status/1365770009713197056"
"168","Bahrain","2021-02-28",NA,"https://twitter.com/MOH_Bahrain/status/1366131147823075332"
"169","Bahrain","2021-03-01",NA,"https://twitter.com/MOH_Bahrain/status/1366495113195773955"
"170","Bahrain","2021-03-02",NA,"https://twitter.com/MOH_Bahrain/status/1366856063992160265"
"171","Bahrain","2021-03-03",NA,"https://twitter.com/MOH_Bahrain/status/1367218322799030277"
"172","Bahrain","2021-03-04",NA,"https://twitter.com/MOH_Bahrain/status/1367580708538097667"
"173","Bahrain","2021-03-05",NA,"https://twitter.com/MOH_Bahrain/status/1367943100207882248"
"174","Bahrain","2021-03-06",506519,"https://twitter.com/MOH_Bahrain/status/1368305486689402880"
"175","Bahrain","2021-03-07",509907,"https://twitter.com/MOH_Bahrain/status/1368667925461229568"
"176","Bahrain","2021-03-08",512420,"https://twitter.com/MOH_Bahrain/status/1369030241944023043"
"177","Bahrain","2021-03-09",514559,"https://twitter.com/MOH_Bahrain/status/1369392653306130433"
"178","Bahrain","2021-03-10",517901,"https://twitter.com/MOH_Bahrain/status/1369755048167759876"
"179","Bahrain","2021-03-11",520429,"https://healthalert.gov.bh/en/"
"180","Bahrain","2021-03-12",522344,"https://healthalert.gov.bh/en/"
"181","Bahrain","2021-03-13",534625,"https://healthalert.gov.bh/en/"
"182","Bahrain","2021-03-14",551197,"https://healthalert.gov.bh/en/"
"183","Bahrain","2021-03-15",566796,"https://healthalert.gov.bh/en/"
"184","Bahrain","2021-03-16",580539,"https://healthalert.gov.bh/en/"
"185","Bahrain","2021-03-17",597446,"https://healthalert.gov.bh/en/"
"186","Bahrain","2021-03-18",613946,"https://healthalert.gov.bh/en/"
"187","Bahrain","2021-03-19",626751,"https://healthalert.gov.bh/en/"
"188","Bahrain","2021-03-20",640104,"https://healthalert.gov.bh/en/"
"189","Bahrain","2021-03-21",653236,"https://healthalert.gov.bh/en/"
"190","Bahrain","2021-03-22",667155,"https://healthalert.gov.bh/en/"
"191","Bahrain","2021-03-23",680081,"https://healthalert.gov.bh/en/"
"192","Bahrain","2021-03-24",694679,"https://healthalert.gov.bh/en/"
"193","Bahrain","2021-03-25",707980,"https://healthalert.gov.bh/en/"
"194","Bahrain","2021-03-26",717408,"https://healthalert.gov.bh/en/"
"195","Bahrain","2021-03-27",724001,"https://healthalert.gov.bh/en/"
"196","Bahrain","2021-03-28",735717,"https://healthalert.gov.bh/en/"
"197","Bahrain","2021-03-29",747008,"https://healthalert.gov.bh/en/"
"198","Bahrain","2021-03-30",755549,"https://healthalert.gov.bh/en/"
"199","Bahrain","2021-03-31",766317,"https://healthalert.gov.bh/en/"
"200","Bahrain","2021-04-01",775196,"https://healthalert.gov.bh/en/"
"201","Bahrain","2021-04-02",782530,"https://healthalert.gov.bh/en/"
"202","Bahrain","2021-04-03",797924,"https://healthalert.gov.bh/en/"
"203","Bahrain","2021-04-04",817379,"https://healthalert.gov.bh/en/"
"204","Bahrain","2021-04-05",836788,"https://healthalert.gov.bh/en/"
"205","Bahrain","2021-04-06",856326,"https://healthalert.gov.bh/en/"
"206","Bahrain","2021-04-07",879825,"https://healthalert.gov.bh/en/"
"207","Bahrain","2021-04-08",900875,"https://healthalert.gov.bh/en/"
"208","Bahrain","2021-04-09",919222,"https://healthalert.gov.bh/en/"
"209","Bahrain","2021-04-10",939068,"https://healthalert.gov.bh/en/"
"210","Bahrain","2021-04-11",956471,"https://healthalert.gov.bh/en/"
"211","Bahrain","2021-04-12",973982,"https://healthalert.gov.bh/en/"
"212","Bahrain","2021-04-13",989363,"https://healthalert.gov.bh/en/"
"213","Bahrain","2021-04-14",1008746,"https://healthalert.gov.bh/en/"
"214","Bahrain","2021-04-15",1028323,"https://healthalert.gov.bh/en/"
"215","Bahrain","2021-04-16",1042463,"https://healthalert.gov.bh/en/"
"216","Bahrain","2021-04-17",1055050,"https://healthalert.gov.bh/en/"
"217","Bahrain","2021-04-18",1077488,"https://healthalert.gov.bh/en/"
"218","Bahrain","2021-04-19",1097352,"https://healthalert.gov.bh/en/"
"219","Algeria","2021-01-29",0,"https://www.aps.dz/regions/116777-blida-covid-19-trente-vaccines-au-matin-du-1er-jour-de-la-campagne"
"220","Algeria","2021-01-30",30,"https://www.aps.dz/regions/116777-blida-covid-19-trente-vaccines-au-matin-du-1er-jour-de-la-campagne"
"221","Algeria","2021-02-19",75000,"https://www.echoroukonline.com/%d9%84%d9%82%d8%a7%d8%ad-%d9%83%d9%88%d8%b1%d9%88%d9%86%d8%a7-%d8%b9%d8%b6%d9%88-%d8%a8%d8%a7%d9%84%d9%84%d8%ac%d9%86%d8%a9-%d8%a7%d9%84%d8%b9%d9%84%d9%85%d9%8a%d8%a9-%d9%8a%d9%83%d8%b4%d9%81-%d8%b9/"
"222","Egypt","2021-01-24",0,"http://english.ahram.org.eg/NewsContent/1/64/399964/Egypt/Politics-/,-medical-staff-vaccinated-against-COVID-in-first-.aspx"
"223","Egypt","2021-01-30",1315,"http://english.ahram.org.eg/NewsContent/1/64/399964/Egypt/Politics-/,-medical-staff-vaccinated-against-COVID-in-first-.aspx"
"224","Egypt","2021-03-27",164534,"https://reliefweb.int/report/iran-islamic-republic/covid-19-situation-updates-week-12-21-27-march-2021"
"225","Egypt","2021-04-03",NA,"https://www.youm7.com/story/2021/4/4/%D8%A7%D9%84%D8%B5%D8%AD%D8%A9-148-%D8%A3%D9%84%D9%81%D8%A7-%D9%88987-%D9%85%D9%88%D8%A7%D8%B7%D9%86%D8%A7-%D9%85%D9%86-%D8%A7%D9%84%D9%81%D8%A6%D8%A7%D8%AA-%D8%A7%D9%84%D9%85%D8%B3%D8%AA%D8%AD%D9%82%D8%A9-%D8%AA%D9%84%D9%82%D9%88%D8%A7-%D9%84%D9%82%D8%A7%D8%AD/5268439"
"226","Iraq","2021-03-01",0,"https://www.aa.com.tr/en/latest-on-coronavirus-outbreak/iraq-starts-coronavirus-vaccination-campaign/2162374"
"227","Iraq","2021-03-29",26727,"https://www.facebook.com/MOH.GOV.IQ/posts/3865264086861294"
"228","Iraq","2021-04-04",93021,"http://www.china.org.cn/world/Off_the_Wire/2021-04/05/content_77377158.htm"
"229","Iraq","2021-04-05",103006,"https://shafaq.com/en/Iraq-News/COVID-19-6400-new-cases-and-39-mortalities-in-Iraq-today"
"230","Iraq","2021-04-12",152962,"http://www.xinhuanet.com/english/2021-04/13/c_139876028.htm"
"231","Iraq","2021-04-16",197914,"http://www.xinhuanet.com/english/2021-04/16/c_139883258.htm"
"232","Jordan","2021-01-12",0,"https://petra.gov.jo/Include/InnerPage.jsp?ID=31830&lang=en&name=en_news"
"233","Jordan","2021-01-23",30000,"https://petra.gov.jo/Include/InnerPage.jsp?ID=31830&lang=en&name=en_news"
"234","Jordan","2021-01-31",40000,"https://twitter.com/PrimeMinistry/status/1355931355327197185"
"235","Jordan","2021-02-22",80000,"https://en.royanews.tv/news/25719/2021-02-22"
"236","Jordan","2021-02-25",150000,"https://www.reuters.com/article/us-health-coronavirus-jordan/jordan-says-covid-19-vaccination-drive-to-accelerate-in-coming-weeks-idUSKBN2AP2VO"
"237","Jordan","2021-03-15",204151,"http://www.jordantimes.com/news/local/155772-people-received-1st-dose-covid-vaccine-%E2%80%94-crisis-cell"
"238","Jordan","2021-03-17",241868,"https://en.royanews.tv/news/26287/2021-03-17"
"239","Jordan","2021-03-21",272648,"https://en.royanews.tv/news/26404/2021-03-21"
"240","Jordan","2021-03-24",320140,"https://en.royanews.tv/news/26484/2021-03-24"
"241","Jordan","2021-03-30",409203,"https://petra.gov.jo/Include/InnerPage.jsp?ID=33506&lang=en&name=en_news"
"242","Jordan","2021-04-07",524533,"https://menafn.com/1101878861/Jordan-404912-people-receive-1st-dose-of-anti-COVID-19-vaccine-Crisis-cell?source=317"
"243","Jordan","2021-04-14",665226,"https://petra.gov.jo/Include/InnerPage.jsp?ID=33858&lang=en&name=en_news"
"244","Kuwait","2020-12-28",2500,"https://alqabas.com/article/5828928-2500-Ø´Ø®Øµ-Ø­ØµÙ„ÙˆØ§-Ø¹Ù„Ù‰-Ù„Ù‚Ø§Ø­-ÙƒÙˆØ±ÙˆÙ†Ø§-Ù<81>ÙŠ-ÙŠÙˆÙ…ÙŠÙ†?id=5828928"
"245","Kuwait","2021-01-26",35000,"https://gulfnews.com/world/gulf/kuwait/covid-19-35000-vaccinated-in-kuwait-in-one-month-1.76746518"
"246","Kuwait","2021-02-15",175000,"https://news.kuwaittimes.net/website/compliance-or-lockdown-virus-here-to-stay-till-judgment-day/"
"247","Kuwait","2021-03-08",360000,"https://twitter.com/KUWAIT_MOH/status/1368961318095626243"
"248","Kuwait","2021-03-22",NA,"https://twitter.com/Almajlliss/status/1374039548192247808"
"249","Kuwait","2021-03-29",604861,"https://twitter.com/drayalsanad/status/1376585974948499459"
"250","Kuwait","2021-04-18",NA,"https://gulfnews.com/world/gulf/kuwait/covid-19-882000-people-get-vaccine-in-kuwait-1.78587417"
"251","Lebanon","2021-02-13",0,"https://www.reuters.com/article/us-health-coronavirus-lebanon-vaccine-idUSKBN2AE08B"
"252","Lebanon","2021-02-14",48,"https://impact.cib.gov.lb/home/dashboard/vaccine"
"253","Lebanon","2021-02-15",1280,"https://impact.cib.gov.lb/home/dashboard/vaccine"
"254","Lebanon","2021-02-16",3266,"https://impact.cib.gov.lb/home/dashboard/vaccine"
"255","Lebanon","2021-02-17",5932,"https://impact.cib.gov.lb/home/dashboard/vaccine"
"256","Lebanon","2021-02-18",9605,"https://impact.cib.gov.lb/home/dashboard/vaccine"
"257","Lebanon","2021-02-19",13329,"https://impact.cib.gov.lb/home/dashboard/vaccine"
"258","Lebanon","2021-02-20",13329,"https://impact.cib.gov.lb/home/dashboard/vaccine"
"259","Lebanon","2021-02-21",13329,"https://impact.cib.gov.lb/home/dashboard/vaccine"
"260","Lebanon","2021-02-22",18031,"https://impact.cib.gov.lb/home/dashboard/vaccine"
"261","Lebanon","2021-02-23",21575,"https://impact.cib.gov.lb/home/dashboard/vaccine"
"262","Lebanon","2021-02-24",25393,"https://impact.cib.gov.lb/home/dashboard/vaccine"
"263","Lebanon","2021-02-25",29820,"https://impact.cib.gov.lb/home/dashboard/vaccine"
"264","Lebanon","2021-02-26",34991,"https://impact.cib.gov.lb/home/dashboard/vaccine"
"265","Lebanon","2021-02-27",34991,"https://impact.cib.gov.lb/home/dashboard/vaccine"
"266","Lebanon","2021-02-28",40593,"https://impact.cib.gov.lb/home/dashboard/vaccine"
"267","Lebanon","2021-03-01",45859,"https://impact.cib.gov.lb/home/dashboard/vaccine"
"268","Lebanon","2021-03-02",47625,"https://impact.cib.gov.lb/home/dashboard/vaccine"
"269","Lebanon","2021-03-03",54585,"https://impact.cib.gov.lb/home/dashboard/vaccine"
"270","Lebanon","2021-03-04",57474,"https://impact.cib.gov.lb/home/dashboard/vaccine"
"271","Lebanon","2021-03-05",60538,"https://impact.cib.gov.lb/home/dashboard/vaccine"
"272","Lebanon","2021-03-06",60740,"https://impact.cib.gov.lb/home/dashboard/vaccine"
"273","Lebanon","2021-03-07",61330,"https://impact.cib.gov.lb/home/dashboard/vaccine"
"274","Lebanon","2021-03-08",64007,"https://impact.cib.gov.lb/home/dashboard/vaccine"
"275","Lebanon","2021-03-09",64974,"https://impact.cib.gov.lb/home/dashboard/vaccine"
"276","Lebanon","2021-03-10",87216,"https://impact.cib.gov.lb/home/dashboard/vaccine"
"277","Lebanon","2021-03-11",91967,"https://impact.cib.gov.lb/home/dashboard/vaccine"
"278","Lebanon","2021-03-12",95888,"https://impact.cib.gov.lb/home/dashboard/vaccine"
"279","Lebanon","2021-03-15",104725,"https://impact.cib.gov.lb/home/dashboard/vaccine"
"280","Lebanon","2021-03-16",115164,"https://impact.cib.gov.lb/home/dashboard/vaccine"
"281","Lebanon","2021-03-17",120890,"https://impact.cib.gov.lb/home/dashboard/vaccine"
"282","Lebanon","2021-03-18",129487,"https://impact.cib.gov.lb/home/dashboard/vaccine"
"283","Lebanon","2021-03-19",135277,"https://impact.cib.gov.lb/home/dashboard/vaccine"
"284","Lebanon","2021-03-20",135349,"https://impact.cib.gov.lb/home/dashboard/vaccine"
"285","Lebanon","2021-03-21",138420,"https://impact.cib.gov.lb/home/dashboard/vaccine"
"286","Lebanon","2021-03-22",148119,"https://impact.cib.gov.lb/home/dashboard/vaccine"
"287","Lebanon","2021-03-23",158018,"https://impact.cib.gov.lb/home/dashboard/vaccine"
"288","Lebanon","2021-03-24",166015,"https://impact.cib.gov.lb/home/dashboard/vaccine"
"289","Lebanon","2021-03-25",174031,"https://impact.cib.gov.lb/home/dashboard/vaccine"
"290","Lebanon","2021-03-26",180074,"https://impact.cib.gov.lb/home/dashboard/vaccine"
"291","Lebanon","2021-03-27",181127,"https://impact.cib.gov.lb/home/dashboard/vaccine"
"292","Lebanon","2021-03-28",186712,"https://impact.cib.gov.lb/home/dashboard/vaccine"
"293","Lebanon","2021-03-29",193903,"https://impact.cib.gov.lb/home/dashboard/vaccine"
"294","Lebanon","2021-03-30",207647,"https://impact.cib.gov.lb/home/dashboard/vaccine"
"295","Lebanon","2021-03-31",216286,"https://impact.cib.gov.lb/home/dashboard/vaccine"
"296","Lebanon","2021-04-01",222332,"https://impact.cib.gov.lb/home/dashboard/vaccine"
"297","Lebanon","2021-04-02",225708,"https://impact.cib.gov.lb/home/dashboard/vaccine"
"298","Lebanon","2021-04-03",225842,"https://impact.cib.gov.lb/home/dashboard/vaccine"
"299","Lebanon","2021-04-04",228050,"https://impact.cib.gov.lb/home/dashboard/vaccine"
"300","Lebanon","2021-04-05",235303,"https://impact.cib.gov.lb/home/dashboard/vaccine"
"301","Lebanon","2021-04-06",244772,"https://impact.cib.gov.lb/home/dashboard/vaccine"
"302","Lebanon","2021-04-07",259153,"https://impact.cib.gov.lb/home/dashboard/vaccine"
"303","Lebanon","2021-04-08",268578,"https://impact.cib.gov.lb/home/dashboard/vaccine"
"304","Lebanon","2021-04-09",272379,"https://impact.cib.gov.lb/home/dashboard/vaccine"
"305","Lebanon","2021-04-10",273587,"https://impact.cib.gov.lb/home/dashboard/vaccine"
"306","Lebanon","2021-04-12",285966,"https://impact.cib.gov.lb/home/dashboard/vaccine"
"307","Lebanon","2021-04-13",296165,"https://impact.cib.gov.lb/home/dashboard/vaccine"
"308","Lebanon","2021-04-14",296168,"https://impact.cib.gov.lb/home/dashboard/vaccine"
"309","Lebanon","2021-04-15",320623,"https://impact.cib.gov.lb/home/dashboard/vaccine"
"310","Lebanon","2021-04-16",322647,"https://impact.cib.gov.lb/home/dashboard/vaccine"
"311","Lebanon","2021-04-17",322768,"https://impact.cib.gov.lb/home/dashboard/vaccine"
"312","Lebanon","2021-04-18",329452,"https://impact.cib.gov.lb/home/dashboard/vaccine"
"313","Lebanon","2021-04-19",343286,"https://impact.cib.gov.lb/home/dashboard/vaccine"
"314","Morocco","2021-01-28",0,"https://2m.ma/fr/news/marocvaccination-anti-covid-19-90000-personnes-vaccinees-en-3-jours-20210131/"
"315","Morocco","2021-01-30",90000,"https://2m.ma/fr/news/marocvaccination-anti-covid-19-90000-personnes-vaccinees-en-3-jours-20210131/"
"316","Morocco","2021-01-31",126000,"http://www.mapexpress.ma/actualite/societe-et-regions/covid-19-126-000-personnes-ete-vaccinees-au-maroc-ministere/"
"317","Morocco","2021-02-01",200081,"http://www.covidmaroc.ma/Documents/BULLETIN/1.2.21.COVID-19.pdf"
"318","Morocco","2021-02-02",257291,"http://www.covidmaroc.ma/Documents/BULLETIN/2.2.21.COVID-19.pdf"
"319","Morocco","2021-02-03",308398,"http://www.covidmaroc.ma/Documents/BULLETIN/3.2.21.COVID-19.pdf"
"320","Morocco","2021-02-04",351723,"http://www.covidmaroc.ma/Documents/BULLETIN/4.2.21.COVID-19.pdf"
"321","Morocco","2021-02-05",408235,"http://www.covidmaroc.ma/Documents/BULLETIN/5.2.21.COVID-19.pdf"
"322","Morocco","2021-02-06",463966,"http://www.covidmaroc.ma/Documents/BULLETIN/6.2.21.COVID-19.pdf"
"323","Morocco","2021-02-08",550149,"http://www.covidmaroc.ma/Documents/BULLETIN/8.2.21.COVID-19.pdf"
"324","Morocco","2021-02-09",615181,"http://www.covidmaroc.ma/Documents/BULLETIN/9.2.21.COVID-19.pdf"
"325","Morocco","2021-02-10",746116,"http://www.covidmaroc.ma/Documents/BULLETIN/10.2.21.COVID-19.pdf"
"326","Morocco","2021-02-11",855318,"http://www.covidmaroc.ma/Documents/BULLETIN/11.2.21.COVID-19.pdf"
"327","Morocco","2021-02-12",1112103,"http://www.covidmaroc.ma/Documents/BULLETIN/12.2.21.COVID-19.pdf"
"328","Morocco","2021-02-13",1388539,"http://www.covidmaroc.ma/Documents/BULLETIN/13.2.21.COVID-19.pdf"
"329","Morocco","2021-02-15",1707091,"http://www.covidmaroc.ma/Documents/BULLETIN/15.2.21.COVID-19.pdf"
"330","Morocco","2021-02-16",1904169,"http://www.covidmaroc.ma/Documents/BULLETIN/16.2.21.COVID-19.pdf"
"331","Morocco","2021-02-17",2081013,"http://www.covidmaroc.ma/Documents/BULLETIN/17.2.21.COVID-19.pdf"
"332","Morocco","2021-02-18",2233123,"http://www.covidmaroc.ma/Documents/BULLETIN/18.2.21.COVID-19.pdf"
"333","Morocco","2021-02-19",2362150,"http://www.covidmaroc.ma/Documents/BULLETIN/19.2.21.COVID-19.pdf"
"334","Morocco","2021-02-20",2461192,"http://www.covidmaroc.ma/Documents/BULLETIN/20.2.21.COVID-19.pdf"
"335","Morocco","2021-02-22",2575684,"http://www.covidmaroc.ma/Documents/BULLETIN/22.2.21.COVID-19.pdf"
"336","Morocco","2021-02-23",2667091,"http://www.covidmaroc.ma/Documents/BULLETIN/23.2.21.COVID-19.pdf"
"337","Morocco","2021-02-24",2948945,"http://www.covidmaroc.ma/Documents/BULLETIN/24.2.21.COVID-19.pdf"
"338","Morocco","2021-02-25",3204105,"http://www.covidmaroc.ma/Documents/BULLETIN/25.2.21.COVID-19.pdf"
"339","Morocco","2021-02-26",3424295,"http://www.covidmaroc.ma/Documents/BULLETIN/26.2.21.COVID-19.pdf"
"340","Morocco","2021-02-27",3597903,"http://www.covidmaroc.ma/Documents/BULLETIN/27.2.21.COVID-19.pdf"
"341","Morocco","2021-03-01",3801650,"http://www.covidmaroc.ma/pages/Accueilfr.aspx"
"342","Morocco","2021-03-02",3951325,"http://www.covidmaroc.ma/pages/Accueilfr.aspx"
"343","Morocco","2021-03-03",4105862,"http://www.covidmaroc.ma/pages/Accueilfr.aspx"
"344","Morocco","2021-03-04",4233129,"http://www.covidmaroc.ma/pages/Accueilfr.aspx"
"345","Morocco","2021-03-05",4377629,"http://www.covidmaroc.ma/pages/Accueilfr.aspx"
"346","Morocco","2021-03-06",4492557,"http://www.covidmaroc.ma/pages/Accueilfr.aspx"
"347","Morocco","2021-03-08",4613292,"http://www.covidmaroc.ma/pages/Accueilfr.aspx"
"348","Morocco","2021-03-09",4734200,"http://www.covidmaroc.ma/pages/Accueilfr.aspx"
"349","Morocco","2021-03-10",4934283,"http://www.covidmaroc.ma/pages/Accueilfr.aspx"
"350","Morocco","2021-03-11",5102685,"http://www.covidmaroc.ma/pages/Accueilfr.aspx"
"351","Morocco","2021-03-12",5394092,"http://www.covidmaroc.ma/pages/Accueilfr.aspx"
"352","Morocco","2021-03-13",5682508,"http://www.covidmaroc.ma/pages/Accueilfr.aspx"
"353","Morocco","2021-03-15",5992783,"http://www.covidmaroc.ma/pages/Accueilfr.aspx"
"354","Morocco","2021-03-16",6197382,"http://www.covidmaroc.ma/pages/Accueilfr.aspx"
"355","Morocco","2021-03-17",6360732,"http://www.covidmaroc.ma/pages/Accueilfr.aspx"
"356","Morocco","2021-03-19",6611161,"http://www.covidmaroc.ma/pages/Accueilfr.aspx"
"357","Morocco","2021-03-20",6687548,"http://www.covidmaroc.ma/pages/Accueilfr.aspx"
"358","Morocco","2021-03-22",6781503,"http://www.covidmaroc.ma/pages/Accueilfr.aspx"
"359","Morocco","2021-03-23",6858400,"http://www.covidmaroc.ma/pages/Accueilfr.aspx"
"360","Morocco","2021-03-24",7128976,"http://www.covidmaroc.ma/pages/Accueilfr.aspx"
"361","Morocco","2021-03-25",7360398,"http://www.covidmaroc.ma/pages/Accueilfr.aspx"
"362","Morocco","2021-03-26",7525286,"http://www.covidmaroc.ma/pages/Accueilfr.aspx"
"363","Morocco","2021-03-27",7634475,"http://www.covidmaroc.ma/pages/Accueilfr.aspx"
"364","Morocco","2021-03-29",7758500,"http://www.covidmaroc.ma/pages/Accueilfr.aspx"
"365","Morocco","2021-03-30",7882300,"http://www.covidmaroc.ma/pages/Accueilfr.aspx"
"366","Morocco","2021-03-31",7994600,"http://www.covidmaroc.ma/pages/Accueilfr.aspx"
"367","Morocco","2021-04-01",8096454,"http://www.covidmaroc.ma/pages/Accueilfr.aspx"
"368","Morocco","2021-04-02",8171651,"http://www.covidmaroc.ma/pages/Accueilfr.aspx"
"369","Morocco","2021-04-03",8240870,"http://www.covidmaroc.ma/pages/Accueilfr.aspx"
"370","Morocco","2021-04-05",8303056,"http://www.covidmaroc.ma/pages/Accueilfr.aspx"
"371","Morocco","2021-04-06",8375241,"http://www.covidmaroc.ma/pages/Accueilfr.aspx"
"372","Morocco","2021-04-07",8448106,"http://www.covidmaroc.ma/pages/Accueilfr.aspx"
"373","Morocco","2021-04-08",8509229,"http://www.covidmaroc.ma/pages/Accueilfr.aspx"
"374","Morocco","2021-04-09",8552304,"http://www.covidmaroc.ma/pages/Accueilfr.aspx"
"375","Morocco","2021-04-10",8606571,"http://www.covidmaroc.ma/pages/Accueilfr.aspx"
"376","Morocco","2021-04-11",8635238,"http://www.covidmaroc.ma/pages/Accueilfr.aspx"
"377","Morocco","2021-04-13",8650872,"http://www.covidmaroc.ma/pages/Accueilfr.aspx"
"378","Morocco","2021-04-14",8696100,"http://www.covidmaroc.ma/pages/Accueilfr.aspx"
"379","Morocco","2021-04-15",8728449,"http://www.covidmaroc.ma/pages/Accueilfr.aspx"
"380","Morocco","2021-04-16",8763819,"http://www.covidmaroc.ma/pages/Accueilfr.aspx"
"381","Morocco","2021-04-17",8841456,"http://www.covidmaroc.ma/pages/Accueilfr.aspx"
"382","Morocco","2021-04-19",8860662,"http://www.covidmaroc.ma/pages/Accueilfr.aspx"
"383","Mauritania","2021-03-26",0,"https://www.rfi.fr/fr/afrique/20210327-covid-19-d%C3%A9but-de-la-campagne-de-vaccination-en-mauritanie"
"384","Mauritania","2021-04-01",1366,"https://www.sante.gov.mr/?p=5938"
"385","Mauritania","2021-04-08",2930,"https://www.sante.gov.mr/wp-content/uploads/2021/04/Mauritania-COVID-19-Situation-Report-2021-04-07.FR_.pdf"
"386","Oman","2020-12-28",1717,"https://twitter.com/OmaniMOH/status/1343855386563108864"
"387","Oman","2020-12-29",3363,"https://twitter.com/OmaniMOH/status/1344257961061974018"
"388","Oman","2020-12-30",5043,"https://twitter.com/OmaniMOH/status/1344586383273422848"
"389","Oman","2020-12-31",6516,"https://twitter.com/OmaniMOH/status/1344938163224129538"
"390","Oman","2021-01-02",7231,"https://twitter.com/OmaniMOH/status/1345653596881301505"
"391","Oman","2021-01-03",8826,"https://twitter.com/OmaniMOH/status/1346021869837836294"
"392","Oman","2021-01-04",10728,"https://twitter.com/OmaniMOH/status/1346366199718932480"
"393","Oman","2021-01-05",12751,"https://twitter.com/OmaniMOH/status/1346730906841710592"
"394","Oman","2021-01-06",14005,"https://twitter.com/OmaniMOH/status/1347101384290799618"
"395","Oman","2021-01-07",14911,"https://twitter.com/OmaniMOH/status/1347450057151410177"
"396","Oman","2021-01-08",14980,"https://twitter.com/OmaniMOH/status/1347813396448686081"
"397","Oman","2021-01-09",15023,"https://twitter.com/OmaniMOH/status/1348185867773476867"
"398","Oman","2021-01-10",15907,"https://twitter.com/OmaniMOH/status/1348541465841061888/photo/1"
"399","Oman","2021-01-11",18287,"https://twitter.com/OmaniMOH/status/1348903015416287233"
"400","Oman","2021-01-12",20649,"https://twitter.com/OmaniMOH/status/1349258028709781507"
"401","Oman","2021-01-13",22749,"https://twitter.com/OmaniMOH/status/1349582771971350531"
"402","Oman","2021-01-14",24204,"https://twitter.com/OmaniMOH/status/1349991401686241280"
"403","Oman","2021-01-16",24773,"https://twitter.com/OmaniMOH/status/1350752004906377217"
"404","Oman","2021-01-17",25446,"https://twitter.com/OmaniMOH/status/1351110946215890947"
"405","Oman","2021-01-18",26758,"https://twitter.com/OmaniMOH/status/1351436840662925312"
"406","Oman","2021-01-19",28049,"https://twitter.com/OmaniMOH/status/1351800332368670720"
"407","Oman","2021-01-20",29548,"https://twitter.com/OmaniMOH/status/1352168458994159617"
"408","Oman","2021-01-23",30675,"https://twitter.com/OmaniMOH/status/1353291121435283457"
"409","Oman","2021-01-24",32765,"https://twitter.com/OmaniMOH/status/1353610389431472133"
"410","Oman","2021-01-25",34606,"https://twitter.com/OmaniMOH/status/1353963983418613760"
"411","Oman","2021-01-26",36206,"https://twitter.com/OmaniMOH/status/1354319325088387074"
"412","Oman","2021-01-27",37045,"https://twitter.com/OmaniMOH/status/1354699593666195458"
"413","Oman","2021-02-08",39146,"https://twitter.com/OmaniMOH/status/1358715900325728257"
"414","Oman","2021-02-09",41192,"https://twitter.com/OmaniMOH/status/1359067309634125824"
"415","Oman","2021-02-10",43233,"https://twitter.com/OmaniMOH/status/1359418715545210882"
"416","Oman","2021-02-11",45065,"https://twitter.com/OmaniMOH/status/1359763283532804097"
"417","Oman","2021-02-12",46829,"https://twitter.com/OmaniMOH/status/1360163645087449088"
"418","Oman","2021-02-13",47198,"https://twitter.com/OmaniMOH/status/1360858721832882177"
"419","Oman","2021-02-14",48819,"https://twitter.com/OmaniMOH/status/1361216307002306563"
"420","Oman","2021-02-15",50100,"https://twitter.com/OmaniMOH/status/1361584602343763969"
"421","Oman","2021-02-16",56847,"https://twitter.com/OmaniMOH/status/1361622939402194948"
"422","Oman","2021-02-17",58255,"https://twitter.com/OmaniMOH/status/1361946974652674048"
"423","Oman","2021-02-18",59878,"https://twitter.com/OmaniMOH/status/1362292985455661058"
"424","Oman","2021-02-19",61971,"https://twitter.com/OmaniMOH/status/1362713658028154881"
"425","Oman","2021-02-20",62487,"https://twitter.com/OmaniMOH/status/1363414269572878338"
"426","Oman","2021-02-21",64538,"https://twitter.com/OmaniMOH/status/1363751178773921796"
"427","Oman","2021-02-22",66103,"https://twitter.com/OmaniMOH/status/1364118472909848582"
"428","Oman","2021-02-23",67660,"https://twitter.com/OmaniMOH/status/1364490235132919808"
"429","Oman","2021-03-09",94518,"https://twitter.com/OmaniMOH/status/1369238800224882696"
"430","Oman","2021-03-10",98168,"https://twitter.com/OmaniMOH/status/1369577366708699140/photo/1"
"431","Oman","2021-03-15",105003,"https://twitter.com/OmaniMOH/status/1371366396186230785/photo/1"
"432","Oman","2021-03-17",109844,"https://twitter.com/OmaniMOH/status/1372097966668972036"
"433","Oman","2021-03-22",120837,"https://twitter.com/OmaniMOH/status/1373935050853584898"
"434","Oman","2021-03-24",129198,"https://twitter.com/OmaniMOH/status/1374651151312883713"
"435","Oman","2021-03-29",139897,"https://twitter.com/OmaniMOH/status/1376444593554743296"
"436","Oman","2021-03-31",151512,"https://twitter.com/OmaniMOH/status/1377163421263663105"
"437","Oman","2021-04-05",171055,"https://twitter.com/OmaniMOH/status/1378992177502633987"
"438","Oman","2021-04-12",188029,"https://twitter.com/OmaniMOH/status/1381523255861915648"
"439","Oman","2021-04-14",192808,"https://twitter.com/OmaniMOH/status/1382244754302328832"
"440","Oman","2021-04-19",217582,"https://twitter.com/OmaniMOH/status/1384047527721271296"
"441","Palestine","2021-03-30",81942,"https://corona.ps/details"
"442","Palestine","2021-03-31",87066,"https://corona.ps/details"
"443","Palestine","2021-04-01",93217,"https://corona.ps/details"
"444","Palestine","2021-04-03",100386,"https://corona.ps/details"
"445","Palestine","2021-04-04",102755,"https://corona.ps/details"
"446","Palestine","2021-04-05",111880,"https://www.facebook.com/mohps/posts/3694870203972164?__cft__[0]=AZVqVb4BitnkLRlFwrBuHkQxxTqOfyVP-f_1TlwpI-wzjFrZIA1Xa9zKjULYzTS4Ms9n8Iuvf8z1X8p_w-VSAHCz5N98EQsCSGCPcRxCuGdMWg00HcZzt6vK-aCzyt9aFj-KJJ7xNRKbUxd2RAfzV54V&__tn__=%2CO%2CP-R"
"447","Palestine","2021-04-06",121326,"https://www.facebook.com/mohps/posts/3698018596990658?__cft__[0]=AZXs5FxBB89nJfYPBBypDMXaAAsjO-tvnIxT-POQZLeOAkvbDT5SIl0_yI5OzYF3tDiO6gHCup7FdcvwwIRRgvpk0Z9zjQRNSt3Dzc8Q70a19F25hfcnXExmtjhRGcvpu0gVVY7jIORfFvXEJB6Ho9yu&__tn__=%2CO%2CP-R"
"448","Palestine","2021-04-07",132392,"https://www.facebook.com/mohps/posts/3700658936726624?__cft__[0]=AZVeaFGiS375d8BnKQ2najbgLgzb0sbMDoh5b80LBjL8fY30GofjzmisBw-auFaeDhvOLgoGNqBpWq7xSYFLzohp0fMgkd_hhwLKPu2b3umZ650r-kmVpf_oWLjPZWTr6KLbc-cr7g6lJ_6gWUeTkaPP&__tn__=%2CO%2CP-R"
"449","Palestine","2021-04-08",143142,"https://www.facebook.com/mohps/posts/3703463519779499?__cft__[0]=AZVHGcqYf_tR5kU6Xi35fz7dCilRzksZQaYG1b_XNXhFHeGbe4IoyzKXwvpX4LvMroK53W-aLEiep6n2d3V1ZoIs0ZTEfFfMiUU5JDwiKtc18QAgnYstuhNQNZ8_EwjvmpUADe0YYpQ04fqaFQ0CUMhR&__tn__=%2CO%2CP-R"
"450","Palestine","2021-04-09",152503,"https://www.facebook.com/mohps/posts/3706354476157070?__cft__[0]=AZX5Jdws4hLr021yUIZnuQwGwuyBZ5piadMkc528hWGYLJxmx4z-vRBCyUd8FDHx0wtd6VIcaOdrs3ZRdKyf7L93GsNxkHBQeQlWIjZk2VYTlpNVSJ8hKueYRhw4dzsxgBouyX9pZYwgcLgrkJv25yHe&__tn__=%2CO%2CP-R"
"451","Palestine","2021-04-10",152952,"https://www.facebook.com/mohps/posts/3709096285882889?__cft__[0]=AZVmt7cp3oK-cfb_lpjsWTYbkBJn0nikHungJXK_w9njkPSWHPkDnSGthRWE_6EIY5bmD5APRUOJLLWJw37NTEhkFgvJgQqpdFweNr1TNqYqgBy9asoe7_Nql6H0BRL3vOznrBAQMXC010F2C5-T2XUh&__tn__=%2CO%2CP-R"
"452","Palestine","2021-04-11",154099,"https://www.facebook.com/mohps/posts/3712102662248918?__cft__[0]=AZXexON5DXw9KxkR9tTnQeYcL_e-UlQbYcOAwgZirBWXIQcXb0lpZg3LQcovV4nRStMHsMWxpRU1sLUhUU9Ymuc-kHWddP7gEpWvUy1wV-3crCpprhfuyXypGF9iDS1P6-Vmd1WtdcUgacGQjGmadm7R&__tn__=%2CO%2CP-R"
"453","Palestine","2021-04-12",161660,"https://www.facebook.com/mohps/posts/3715053128620538?__cft__[0]=AZUkC1WNiec6RvIwt7FnxukCXI3Gma6EIoWZRzGeo78ppNrGxIFSDV12LoJOh2WXyVEoFzLcF8rj7dMDYUZgExG8x6mYJSDIJ6YWokQKJ8bwgIBlKgqYt_ZTWNeoLQCJYolghOOPFwfTfneqMi1lD6ji&__tn__=%2CO%2CP-R"
"454","Palestine","2021-04-13",168682,"https://www.facebook.com/mohps/posts/3717815845010933?__cft__[0]=AZVwRkSPECkoszsgvdkCOGK0ZbXnXtFnvc4v_dRZle7eXSibVQhDxEi-Z_L6Ij2D-sUxZaB2MNMp0N-wHELHzqndPH0Cj-sya1vip3bkFioiw_ZypmgWkbcnCsSmHpTsBZz5wVNL4mIqcqfMYYlFGguU&__tn__=%2CO%2CP-R"
"455","Palestine","2021-04-14",173851,"https://www.facebook.com/mohps/posts/3720544088071442?__cft__[0]=AZXiJaqtF9PQf1qZSCJtpTlqQV6obidXXsOYXARFHx1wxU2i4k30jcnbq0eDAWnkbR_99sY35FzMrbIjxNFEFBCmZIOv77QwDJI5j6eaoPKLDDysEjfXyhLkHgkXFFQW7BtYmw9MwlQ5bPOl-IYHObKG&__tn__=%2CO%2CP-R"
"456","Palestine","2021-04-15",177865,"https://www.facebook.com/mohps/posts/3723439817781869?__cft__[0]=AZXT2Geo478epMcZpIDsTyikWl603tvFbRPqTSXWYF1ESZaKZLBBSPTDgFADjCbbwDtK2QOw9-TfjrEa4xdfq_m9eSTzIRNxjhw4BlAec8Thhy3h1agpSIHtBZOvTTNqC74uUUSfB8O7c766v-nEbRBa&__tn__=%2CO%2CP-R"
"457","Palestine","2021-04-16",182867,"https://www.facebook.com/mohps/posts/3726351794157338?__cft__[0]=AZWJ0ARU5H0VqQpdMNVZ2uHVFWjAvlMsUdwQwnaW4O1bPtrc7p6C4K5Sr--iqh9-gStlaCeKXEUEe8KbxN5BsQpdj1gLQ55F32pOU2EKqHhxCLo988RhU8UJo016jiQdvkOFHGglhQMq6MCFXrc9q50T&__tn__=%2CO%2CP-R"
"458","Palestine","2021-04-17",182867,"https://www.facebook.com/mohps/posts/3729132597212591?__cft__[0]=AZX0cvMbwMwmRecAb5O4tp9FhI-fa4DVnbvZDb1Mqaf_WEbkAywPNrvTTRizs7BeyplIa6b7YQ0I0fwNOZBi_l72LKriuIB6ua9RFqADhbyyGwB8k4qOKB5AvzLd9xPwIzo3Ul7nZPNowVCJv2JmgUpM&__tn__=%2CO%2CP-R"
"459","Palestine","2021-04-18",183606,"https://www.facebook.com/mohps/posts/3731629976962853?__cft__[0]=AZVrzmhdd1bA52ivVdtiJ8t6iLmdfx9BRorQ4PIi_JnG_WUMK7Ay5Po8bUjgX8SkJiGdJsXa4Qpn-XHLOkaUM4SFX0ktrZ_9qO20mKDRUHx4xUNmtagYWrssJah5wZ_B3PuSoZLrqafWeh489oDFnJnJ&__tn__=%2CO%2CP-R"
"460","Palestine","2021-04-19",192315,"https://www.facebook.com/mohps/posts/3734524433340074?__cft__[0]=AZXh0-UXvhPHsLQNkIcBPT0JzKNcSjK7iWj8tiaZ8l-TUWSswth0HdQEI7fahkbnZqtmBSgRTxiJ74k8UyJRzwMdlK_5zmCh0rBPlReTSOcmSJSNqf2e7Uusr5yGX99rtFV1JK2PvPjAB1H2neVgtKEw&__tn__=%2CO%2CP-R"
"461","Qatar","2020-12-22",0,"https://www.aljazeera.com/news/2020/12/23/qatar-begins-coronavirus-vaccination-campaign"
"462","Qatar","2021-01-28",50000,"https://www.gulf-times.com/story/683467/If-Covid-cases-increase-more-restrictions-may-be-e"
"463","Qatar","2021-02-17",NA,"https://www.gulf-times.com/story/684927/More-than-100-000-vaccinated-in-Qatar-so-far-says-"
"464","Qatar","2021-02-18",140000,"https://www.gulf-times.com/story/685040"
"465","Qatar","2021-03-07",327000,"https://twitter.com/MOPHQatar/status/1368573172711370756"
"466","Qatar","2021-03-10",380000,"https://twitter.com/QNAEnglish/status/1369767228703449106"
"467","Qatar","2021-03-16",510000,"https://twitter.com/QNAEnglish/status/1371853178195607558"
"468","Qatar","2021-03-21",594613,"https://covid19.moph.gov.qa/EN/Pages/default.aspx"
"469","Qatar","2021-03-22",615655,"https://covid19.moph.gov.qa/EN/Pages/default.aspx"
"470","Qatar","2021-03-23",637461,"https://covid19.moph.gov.qa/EN/Pages/default.aspx"
"471","Qatar","2021-03-24",658325,"https://covid19.moph.gov.qa/EN/Pages/default.aspx"
"472","Qatar","2021-03-25",679278,"https://covid19.moph.gov.qa/EN/Pages/default.aspx"
"473","Qatar","2021-03-26",701943,"https://covid19.moph.gov.qa/EN/Pages/default.aspx"
"474","Qatar","2021-03-27",721236,"https://covid19.moph.gov.qa/EN/Pages/default.aspx"
"475","Qatar","2021-03-28",740309,"https://covid19.moph.gov.qa/EN/Pages/default.aspx"
"476","Qatar","2021-03-29",765110,"https://covid19.moph.gov.qa/EN/Pages/default.aspx"
"477","Qatar","2021-03-30",790676,"https://covid19.moph.gov.qa/EN/Pages/default.aspx"
"478","Qatar","2021-03-31",816484,"https://covid19.moph.gov.qa/EN/Pages/default.aspx"
"479","Qatar","2021-04-01",842000,"https://covid19.moph.gov.qa/EN/Pages/default.aspx"
"480","Qatar","2021-04-02",867209,"https://covid19.moph.gov.qa/EN/Pages/default.aspx"
"481","Qatar","2021-04-03",889202,"https://covid19.moph.gov.qa/EN/Pages/default.aspx"
"482","Qatar","2021-04-04",910851,"https://covid19.moph.gov.qa/EN/Pages/default.aspx"
"483","Qatar","2021-04-05",934843,"https://covid19.moph.gov.qa/EN/Pages/default.aspx"
"484","Qatar","2021-04-06",961555,"https://covid19.moph.gov.qa/EN/Pages/default.aspx"
"485","Qatar","2021-04-07",987673,"https://covid19.moph.gov.qa/EN/Pages/default.aspx"
"486","Qatar","2021-04-08",1012716,"https://covid19.moph.gov.qa/EN/Pages/default.aspx"
"487","Qatar","2021-04-09",1041632,"https://covid19.moph.gov.qa/EN/Pages/default.aspx"
"488","Qatar","2021-04-10",1062250,"https://covid19.moph.gov.qa/EN/Pages/default.aspx"
"489","Qatar","2021-04-11",1079776,"https://covid19.moph.gov.qa/EN/Pages/default.aspx"
"490","Qatar","2021-04-12",1104726,"https://covid19.moph.gov.qa/EN/Pages/default.aspx"
"491","Qatar","2021-04-13",1131631,"https://covid19.moph.gov.qa/EN/Pages/default.aspx"
"492","Qatar","2021-04-14",1159479,"https://covid19.moph.gov.qa/EN/Pages/default.aspx"
"493","Qatar","2021-04-15",1183191,"https://covid19.moph.gov.qa/EN/Pages/default.aspx"
"494","Qatar","2021-04-16",1209648,"https://covid19.moph.gov.qa/EN/Pages/default.aspx"
"495","Qatar","2021-04-17",1225110,"https://covid19.moph.gov.qa/EN/Pages/default.aspx"
"496","Qatar","2021-04-18",1248229,"https://covid19.moph.gov.qa/EN/Pages/default.aspx"
"497","Qatar","2021-04-19",1271478,"https://covid19.moph.gov.qa/EN/Pages/default.aspx"
"498","Saudi Arabia","2021-01-06",100000,"https://coronamap.sa"
"499","Saudi Arabia","2021-01-07",137862,"https://coronamap.sa"
"500","Saudi Arabia","2021-01-11",178337,"https://coronamap.sa"
"501","Saudi Arabia","2021-01-17",295530,"https://coronamap.sa"
"502","Saudi Arabia","2021-01-29",391643,"https://coronamap.sa"
"503","Saudi Arabia","2021-02-01",440618,"https://coronamap.sa"
"504","Saudi Arabia","2021-02-07",443153,"https://coronamap.sa"
"505","Saudi Arabia","2021-02-11",444465,"https://coronamap.sa"
"506","Saudi Arabia","2021-02-14",446940,"https://coronamap.sa"
"507","Saudi Arabia","2021-02-16",462812,"https://coronamap.sa"
"508","Saudi Arabia","2021-02-18",501710,"https://coronamap.sa"
"509","Saudi Arabia","2021-02-24",600798,"https://coronamap.sa"
"510","Saudi Arabia","2021-02-25",639587,"https://coronamap.sa"
"511","Saudi Arabia","2021-02-26",639587,"https://coronamap.sa"
"512","Saudi Arabia","2021-02-28",780667,"https://coronamap.sa"
"513","Saudi Arabia","2021-03-02",885411,"https://coronamap.sa"
"514","Saudi Arabia","2021-03-03",1003287,"https://coronamap.sa"
"515","Saudi Arabia","2021-03-04",1194019,"https://coronamap.sa"
"516","Saudi Arabia","2021-03-05",1264878,"https://coronamap.sa"
"517","Saudi Arabia","2021-03-07",1332740,"https://coronamap.sa"
"518","Saudi Arabia","2021-03-08",1484935,"https://coronamap.sa"
"519","Saudi Arabia","2021-03-09",1640975,"https://coronamap.sa"
"520","Saudi Arabia","2021-03-10",1685881,"https://coronamap.sa"
"521","Saudi Arabia","2021-03-11",1823819,"https://coronamap.sa"
"522","Saudi Arabia","2021-03-12",2007232,"https://coronamap.sa"
"523","Saudi Arabia","2021-03-13",2082780,"https://coronamap.sa"
"524","Saudi Arabia","2021-03-14",2232110,"https://coronamap.sa"
"525","Saudi Arabia","2021-03-15",2336749,"https://coronamap.sa"
"526","Saudi Arabia","2021-03-16",2450781,"https://coronamap.sa"
"527","Saudi Arabia","2021-03-17",2577630,"https://coronamap.sa"
"528","Saudi Arabia","2021-03-18",2692143,"https://coronamap.sa"
"529","Saudi Arabia","2021-03-19",2748646,"https://coronamap.sa"
"530","Saudi Arabia","2021-03-20",2999798,"https://coronamap.sa"
"531","Saudi Arabia","2021-03-21",3189122,"https://coronamap.sa"
"532","Saudi Arabia","2021-03-22",3333125,"https://coronamap.sa"
"533","Saudi Arabia","2021-03-23",3495893,"https://coronamap.sa"
"534","Saudi Arabia","2021-03-24",3646851,"https://coronamap.sa"
"535","Saudi Arabia","2021-03-25",3802995,"https://coronamap.sa"
"536","Saudi Arabia","2021-03-26",3887348,"https://coronamap.sa"
"537","Saudi Arabia","2021-03-27",3995150,"https://coronamap.sa"
"538","Saudi Arabia","2021-03-28",4125466,"https://coronamap.sa"
"539","Saudi Arabia","2021-03-29",4241555,"https://coronamap.sa"
"540","Saudi Arabia","2021-03-30",4319023,"https://coronamap.sa"
"541","Saudi Arabia","2021-03-31",4414986,"https://coronamap.sa"
"542","Saudi Arabia","2021-04-01",4571478,"https://coronamap.sa"
"543","Saudi Arabia","2021-04-02",4722340,"https://coronamap.sa"
"544","Saudi Arabia","2021-04-03",4871878,"https://coronamap.sa"
"545","Saudi Arabia","2021-04-04",4994576,"https://coronamap.sa"
"546","Saudi Arabia","2021-04-05",5114583,"https://coronamap.sa"
"547","Saudi Arabia","2021-04-06",5308742,"https://coronamap.sa"
"548","Saudi Arabia","2021-04-07",5567266,"https://coronamap.sa"
"549","Saudi Arabia","2021-04-08",5750046,"https://coronamap.sa"
"550","Saudi Arabia","2021-04-09",5982107,"https://coronamap.sa"
"551","Saudi Arabia","2021-04-10",6122570,"https://coronamap.sa"
"552","Saudi Arabia","2021-04-11",6281357,"https://coronamap.sa"
"553","Saudi Arabia","2021-04-12",6401456,"https://coronamap.sa"
"554","Saudi Arabia","2021-04-13",6499853,"https://coronamap.sa"
"555","Saudi Arabia","2021-04-14",6582977,"https://coronamap.sa"
"556","Saudi Arabia","2021-04-15",6690308,"https://coronamap.sa"
"557","Saudi Arabia","2021-04-16",6800711,"https://coronamap.sa"
"558","Saudi Arabia","2021-04-17",6958184,"https://coronamap.sa"
"559","Saudi Arabia","2021-04-18",7136669,"https://coronamap.sa"
"560","Saudi Arabia","2021-04-19",7303969,"https://coronamap.sa"
"561","Sudan","2021-03-10",0,"https://www.voanews.com/covid-19-pandemic/sudan-launches-covid-vaccination-campaign"
"562","Sudan","2021-04-05",43122,"https://www.facebook.com/FMOH.SUDAN/posts/2867912120148414"
"563","Sudan","2021-04-06",63837,"https://www.facebook.com/FMOH.SUDAN/posts/2868714333401526"
"564","Sudan","2021-04-10",100010,"https://www.facebook.com/FMOH.SUDAN/posts/2871606859778940"
"565","Syria","2021-03-01",0,"https://www.aljazeera.com/news/2021/3/17/syria-launches-covid-vaccination-drive-amid-economic-challenges"
"566","Syria","2021-04-08",2500,"http://www.xinhuanet.com/english/africa/2021-04/08/c_139867196.htm"
"567","Tunisia","2021-03-12",0,"https://www.africanews.com/2021/03/13/tunisia-begins-covid-vaccination-with-health-care-workers/"
"568","Tunisia","2021-03-13",743,"https://www.facebook.com/santetunisie.rns.tn/videos/488719478966036/?__cft__[0]=AZWirD1DpZBMk4DkCRwoOfvtbBuk6iyPB0iBEbcygfu4JeZk9qnrCGXtEVn0APnIuYV1IZpD1h4NUD0AC7ug1hN-qp2xk7GsplMHBRzXGg_Ykw1R8IYFtj3b7gavemd_-4XtrBtJvRPmXv05o2E8XBeMINMhd9XYrbSTD1CCxXNyfw&__tn__=%2CO%2CP-R"
"569","Tunisia","2021-03-14",2076,"https://www.facebook.com/santetunisie.rns.tn/posts/3942942942411447?__cft__[0]=AZV_FkY-eW2k-YxqO4UJb8qWwSq57wbyBoVzK9rE0cojWCt1zbSWl9iYxd-da7i56u6bhqwvgGZzY8yW7nlNgIwLRDCI7ZmEsl_vkhHn2ZsStx79dj_fGkHHdK99lNGRmGek-BbvhBSz1S0gzksRH85k&__tn__=%2CO%2CP-R"
"570","Tunisia","2021-03-15",2555,"https://www.facebook.com/186480324724413/posts/3947631718609236/"
"571","Tunisia","2021-03-19",6861,"https://www.facebook.com/186480324724413/posts/3958312024207872/"
"572","Tunisia","2021-03-21",12496,"https://www.facebook.com/186480324724413/posts/3963594130346328/"
"573","Tunisia","2021-03-22",18020,"https://www.facebook.com/186480324724413/posts/3967440006628407/"
"574","Tunisia","2021-03-23",22040,"https://www.facebook.com/186480324724413/posts/3971083486264059/"
"575","Tunisia","2021-03-25",32026,"https://www.facebook.com/186480324724413/posts/3977019415670466/"
"576","Tunisia","2021-03-26",38853,"https://www.facebook.com/186480324724413/posts/3980479405324467/"
"577","Tunisia","2021-03-27",44311,"https://www.facebook.com/186480324724413/posts/3983827844989623/"
"578","Tunisia","2021-03-29",53089,"https://www.facebook.com/186480324724413/posts/3991380950900979/"
"579","Tunisia","2021-04-02",70769,"https://www.facebook.com/186480324724413/posts/4005171509521923/"
"580","Tunisia","2021-04-03",80140,"https://www.facebook.com/186480324724413/posts/4008028735902867/"
"581","Tunisia","2021-04-04",88543,"https://www.facebook.com/186480324724413/posts/4011079642264443/"
"582","Tunisia","2021-04-05",98057,"https://www.facebook.com/186480324724413/posts/4013635495342191/"
"583","Tunisia","2021-04-06",104922,"https://www.facebook.com/186480324724413/posts/4014362261936181/"
"584","Tunisia","2021-04-07",112254,"https://www.facebook.com/santetunisie.rns.tn/posts/4019587711413636?__cft__[0]=AZXYCuGX6XnNFAY8hw_Bx1MIDjN0Z12_TDMdsxBPyV2U0Ybn5dcvLb6KKT5BzUDkUWoTfoshnTA5eOzG4O5c4h8pFedwJ_qbP-f_ZDkn0mrnqgpGdl7pBGoIyvcsQF5lIrYM6-d55RJxmLucrFM8e9xI&__tn__=%2CO%2CP-R"
"585","Tunisia","2021-04-08",124779,"https://www.facebook.com/186480324724413/posts/4023443124361428/"
"586","Tunisia","2021-04-09",130374,"https://www.facebook.com/santetunisie.rns.tn/posts/4026210077418066"
"587","Tunisia","2021-04-10",150963,"https://www.facebook.com/santetunisie.rns.tn/posts/4029183710454036"
"588","Tunisia","2021-04-11",163010,"https://www.facebook.com/santetunisie.rns.tn/posts/4032491843456556"
"589","Tunisia","2021-04-12",174569,"https://www.facebook.com/santetunisie.rns.tn/posts/4035131186525955"
"590","Tunisia","2021-04-13",175439,"https://www.facebook.com/santetunisie.rns.tn/posts/4038685372837203"
"591","Tunisia","2021-04-14",183025,"https://www.facebook.com/santetunisie.rns.tn/posts/4041065069265900"
"592","Tunisia","2021-04-15",202421,"https://www.facebook.com/santetunisie.rns.tn/posts/4044200058952401"
"593","Tunisia","2021-04-18",258919,"https://www.facebook.com/santetunisie.rns.tn/posts/4052878308084576"
