"","country","date","total_vaccinations","source"
"1","ARE","2021-01-05",826301,"owid"
"2","ARE","2021-01-06",826301,"owid"
"3","ARE","2021-01-07",887697,"owid"
"4","ARE","2021-01-08",941556,"owid"
"5","ARE","2021-01-09",1020349,"owid"
"6","ARE","2021-01-10",1086568,"owid"
"7","ARE","2021-01-11",1167251,"owid"
"8","ARE","2021-01-12",1275652,"owid"
"9","ARE","2021-01-13",1394580,"owid"
"10","ARE","2021-01-14",1527833,"owid"
"11","ARE","2021-01-15",1665987,"owid"
"12","ARE","2021-01-16",1797926,"owid"
"13","ARE","2021-01-17",1882778,"owid"
"14","ARE","2021-01-18",1971521,"owid"
"15","ARE","2021-01-19",2065367,"owid"
"16","ARE","2021-01-20",2161150,"owid"
"17","ARE","2021-01-21",2246069,"owid"
"18","ARE","2021-01-22",2339073,"owid"
"19","ARE","2021-01-23",2426793,"owid"
"20","ARE","2021-01-24",2487784,"owid"
"21","ARE","2021-01-25",2571086,"owid"
"22","ARE","2021-01-26",2677675,"owid"
"23","ARE","2021-01-27",2764445,"owid"
"24","ARE","2021-01-28",2868645,"owid"
"25","ARE","2021-01-29",3006601,"owid"
"26","ARE","2021-01-30",3114162,"owid"
"27","ARE","2021-01-31",3334162,"owid"
"28","ARE","2021-02-01",3440777,"owid"
"29","ARE","2021-02-02",3564517,"owid"
"30","ARE","2021-02-03",3691591,"owid"
"31","ARE","2021-02-04",3849374,"owid"
"32","ARE","2021-02-05",4008160,"owid"
"33","ARE","2021-02-06",4201347,"owid"
"34","ARE","2021-02-07",4313868,"owid"
"35","ARE","2021-02-08",4413649,"owid"
"36","ARE","2021-02-09",4527144,"owid"
"37","ARE","2021-02-10",4684658,"owid"
"38","ARE","2021-02-11",4792208,"owid"
"39","ARE","2021-02-12",4901795,"owid"
"40","ARE","2021-02-13",5005264,"owid"
"41","ARE","2021-02-14",5055231,"owid"
"42","ARE","2021-02-15",5086835,"owid"
"43","ARE","2021-02-16",5198725,"owid"
"44","ARE","2021-02-17",5284406,"owid"
"45","ARE","2021-02-18",5373730,"owid"
"46","ARE","2021-02-19",5466831,"owid"
"47","ARE","2021-02-20",5553391,"owid"
"48","ARE","2021-02-21",5554342,"owid"
"49","ARE","2021-02-22",5557793,"owid"
"50","ARE","2021-02-23",5668264,"owid"
"51","ARE","2021-02-24",5761463,"owid"
"52","ARE","2021-02-25",5846036,"owid"
"53","ARE","2021-02-26",5933299,"owid"
"54","ARE","2021-02-27",6015089,"owid"
"55","ARE","2021-02-28",6020461,"owid"
"56","ARE","2021-03-01",6028417,"owid"
"57","ARE","2021-03-02",6094956,"owid"
"58","ARE","2021-03-03",6168330,"owid"
"59","ARE","2021-03-04",6204004,"owid"
"60","ARE","2021-03-05",6235316,"owid"
"61","ARE","2021-03-06",6265860,"owid"
"62","ARE","2021-03-07",6273009,"owid"
"63","ARE","2021-03-08",6287751,"owid"
"64","ARE","2021-03-09",6325211,"owid"
"65","ARE","2021-03-10",6367861,"owid"
"66","ARE","2021-03-11",6407350,"owid"
"67","ARE","2021-03-12",6462887,"owid"
"68","ARE","2021-03-13",6516723,"owid"
"69","ARE","2021-03-14",6540912,"owid"
"70","ARE","2021-03-15",6578881,"owid"
"71","ARE","2021-03-16",6668627,"owid"
"72","ARE","2021-03-17",6830369,"owid"
"73","ARE","2021-03-18",6980466,"owid"
"74","ARE","2021-03-19",7124146,"owid"
"75","ARE","2021-03-20",7181056,"owid"
"76","ARE","2021-03-21",7298768,"owid"
"77","ARE","2021-03-22",7374725,"owid"
"78","ARE","2021-03-23",7477881,"owid"
"79","ARE","2021-03-24",7603328,"owid"
"80","ARE","2021-03-25",7730375,"owid"
"81","ARE","2021-03-26",7799517,"owid"
"82","ARE","2021-03-27",7959682,"owid"
"83","ARE","2021-03-28",8081751,"owid"
"84","ARE","2021-03-29",8133841,"owid"
"85","ARE","2021-03-30",8220783,"owid"
"86","ARE","2021-03-31",8308469,"owid"
"87","ARE","2021-04-01",8391302,"owid"
"88","ARE","2021-04-02",8491382,"owid"
"89","ARE","2021-04-03",8559291,"owid"
"90","ARE","2021-04-04",8578979,"owid"
"91","ARE","2021-04-05",8596722,"owid"
"92","ARE","2021-04-06",8659503,"owid"
"93","ARE","2021-04-07",8707073,"owid"
"94","ARE","2021-04-08",8889571,"owid"
"95","ARE","2021-04-09",8923543,"owid"
"96","ARE","2021-04-10",8975014,"owid"
"97","ARE","2021-04-11",9005444,"owid"
"98","ARE","2021-04-12",9037923,"owid"
"99","ARE","2021-04-13",9156728,"owid"
"100","ARE","2021-04-14",9295462,"owid"
"101","ARE","2021-04-15",9387344,"owid"
"102","ARE","2021-04-16",9489684,"owid"
"103","ARE","2021-04-17",9601463,"owid"
"104","ARE","2021-04-18",9630200,"owid"
"105","ARE","2021-04-19",9675205,"owid"
"106","ARE","2021-04-21",9900002,"owid"
"107","ARE","2021-04-22",10001241,"owid"
"108","ARE","2021-04-23",10194266,"owid"
"109","ARE","2021-04-25",10215846,"owid"
"110","ARE","2021-04-26",10254053,"owid"
"111","ARE","2021-04-27",10336214,"owid"
"112","ARE","2021-04-28",10466251,"owid"
"113","ARE","2021-04-29",10547584,"owid"
"114","ARE","2021-05-01",10609950,"owid"
"115","ARE","2021-05-02",10634693,"owid"
"116","ARE","2021-05-03",10666924,"owid"
"117","ARE","2021-05-04",10779163,"owid"
"118","ARE","2021-05-05",10834453,"owid"
"119","ARE","2021-05-06",10907264,"owid"
"120","ARE","2021-05-07",11048547,"owid"
"121","ARE","2021-05-08",11126889,"owid"
"122","ARE","2021-05-09",11145934,"owid"
"123","ARE","2021-05-10",11186348,"owid"
"124","ARE","2021-05-11",11273344,"owid"
"125","ARE","2021-05-12",11366954,"owid"
"126","ARE","2021-05-13",11422565,"owid"
"127","ARE","2021-05-14",11445680,"owid"
"128","ARE","2021-05-15",11448363,"owid"
"129","ARE","2021-05-16",11450769,"owid"
"130","ARE","2021-05-17",11489475,"owid"
"131","ARE","2021-05-18",11594068,"owid"
"132","ARE","2021-05-19",11704191,"owid"
"133","ARE","2021-05-20",11822054,"owid"
"134","ARE","2021-05-21",12034349,"owid"
"135","ARE","2021-05-23",12165848,"owid"
"136","ARE","2021-05-25",12415548,"owid"
"137","ARE","2021-05-26",12531970,"owid"
"138","ARE","2021-05-28",12646025,"owid"
"139","ARE","2021-05-29",12756630,"owid"
"140","ARE","2021-05-30",12811422,"owid"
"141","ARE","2021-05-31",12870553,"owid"
"142","ARE","2021-06-01",12967716,"owid"
"143","ARE","2021-06-02",13066261,"owid"
"144","ARE","2021-06-03",13227344,"owid"
"145","ARE","2021-06-05",13294010,"owid"
"146","ARE","2021-06-06",13315751,"owid"
"147","ARE","2021-06-07",13347300,"owid"
"148","ARE","2021-06-09",13507943,"owid"
"149","ARE","2021-06-10",13590206,"owid"
"150","ARE","2021-06-11",13684429,"owid"
"151","ARE","2021-06-12",13785663,"owid"
"152","BHR","2020-12-23",38965,"owid"
"153","BHR","2020-12-24",50071,"owid"
"154","BHR","2020-12-25",50543,"owid"
"155","BHR","2020-12-26",51556,"owid"
"156","BHR","2020-12-27",53614,"owid"
"157","BHR","2020-12-28",55014,"owid"
"158","BHR","2020-12-29",56041,"owid"
"159","BHR","2020-12-30",57317,"owid"
"160","BHR","2020-12-31",58643,"owid"
"161","BHR","2021-01-01",59351,"owid"
"162","BHR","2021-01-02",60097,"owid"
"163","BHR","2021-01-03",60689,"owid"
"164","BHR","2021-01-04",61612,"owid"
"165","BHR","2021-01-05",63893,"owid"
"166","BHR","2021-01-06",68472,"owid"
"167","BHR","2021-01-07",72239,"owid"
"168","BHR","2021-01-08",78291,"owid"
"169","BHR","2021-01-09",84157,"owid"
"170","BHR","2021-01-10",89250,"owid"
"171","BHR","2021-01-11",92598,"owid"
"172","BHR","2021-01-12",97776,"owid"
"173","BHR","2021-03-06",506519,"owid"
"174","BHR","2021-03-07",509907,"owid"
"175","BHR","2021-03-08",512420,"owid"
"176","BHR","2021-03-09",514559,"owid"
"177","BHR","2021-03-10",517901,"owid"
"178","BHR","2021-03-11",520429,"owid"
"179","BHR","2021-03-12",522344,"owid"
"180","BHR","2021-03-13",534625,"owid"
"181","BHR","2021-03-14",551197,"owid"
"182","BHR","2021-03-15",566796,"owid"
"183","BHR","2021-03-16",580539,"owid"
"184","BHR","2021-03-17",597446,"owid"
"185","BHR","2021-03-18",613946,"owid"
"186","BHR","2021-03-19",626751,"owid"
"187","BHR","2021-03-20",640104,"owid"
"188","BHR","2021-03-21",653236,"owid"
"189","BHR","2021-03-22",667155,"owid"
"190","BHR","2021-03-23",680081,"owid"
"191","BHR","2021-03-24",694679,"owid"
"192","BHR","2021-03-25",707980,"owid"
"193","BHR","2021-03-26",717408,"owid"
"194","BHR","2021-03-27",724001,"owid"
"195","BHR","2021-03-28",735717,"owid"
"196","BHR","2021-03-29",747008,"owid"
"197","BHR","2021-03-30",755549,"owid"
"198","BHR","2021-03-31",766317,"owid"
"199","BHR","2021-04-01",775196,"owid"
"200","BHR","2021-04-02",782530,"owid"
"201","BHR","2021-04-03",797924,"owid"
"202","BHR","2021-04-04",817379,"owid"
"203","BHR","2021-04-05",836788,"owid"
"204","BHR","2021-04-06",856326,"owid"
"205","BHR","2021-04-07",879825,"owid"
"206","BHR","2021-04-08",900875,"owid"
"207","BHR","2021-04-09",919222,"owid"
"208","BHR","2021-04-10",939068,"owid"
"209","BHR","2021-04-11",956471,"owid"
"210","BHR","2021-04-12",973982,"owid"
"211","BHR","2021-04-13",989363,"owid"
"212","BHR","2021-04-14",1008746,"owid"
"213","BHR","2021-04-15",1028323,"owid"
"214","BHR","2021-04-16",1042463,"owid"
"215","BHR","2021-04-17",1055050,"owid"
"216","BHR","2021-04-18",1077488,"owid"
"217","BHR","2021-04-19",1097352,"owid"
"218","BHR","2021-04-20",1118519,"owid"
"219","BHR","2021-04-21",1137478,"owid"
"220","BHR","2021-04-22",1149633,"owid"
"221","BHR","2021-04-23",1156806,"owid"
"222","BHR","2021-04-24",1168650,"owid"
"223","BHR","2021-04-25",1180735,"owid"
"224","BHR","2021-04-26",1193039,"owid"
"225","BHR","2021-04-27",1206763,"owid"
"226","BHR","2021-04-28",1216359,"owid"
"227","BHR","2021-04-29",1224175,"owid"
"228","BHR","2021-04-30",1235170,"owid"
"229","BHR","2021-05-01",1246239,"owid"
"230","BHR","2021-05-02",1264087,"owid"
"231","BHR","2021-05-03",1283303,"owid"
"232","BHR","2021-05-04",1301773,"owid"
"233","BHR","2021-05-05",1318506,"owid"
"234","BHR","2021-05-06",1334658,"owid"
"235","BHR","2021-05-07",1347062,"owid"
"236","BHR","2021-05-08",1357817,"owid"
"237","BHR","2021-05-09",1375967,"owid"
"238","BHR","2021-05-10",1394873,"owid"
"239","BHR","2021-05-11",1416118,"owid"
"240","BHR","2021-05-12",1434023,"owid"
"241","BHR","2021-05-13",1440591,"owid"
"242","BHR","2021-05-14",1447963,"owid"
"243","BHR","2021-05-15",1456417,"owid"
"244","BHR","2021-05-16",1472955,"owid"
"245","BHR","2021-05-17",1489951,"owid"
"246","BHR","2021-05-18",1506875,"owid"
"247","BHR","2021-05-19",1519373,"owid"
"248","BHR","2021-05-20",1531600,"owid"
"249","BHR","2021-05-21",1545157,"owid"
"250","BHR","2021-05-22",1559663,"owid"
"251","BHR","2021-05-23",1580103,"owid"
"252","BHR","2021-05-24",1601682,"owid"
"253","BHR","2021-05-25",1621198,"owid"
"254","BHR","2021-05-26",1638092,"owid"
"255","BHR","2021-05-27",1655790,"owid"
"256","BHR","2021-05-28",1671687,"owid"
"257","BHR","2021-05-29",1684849,"owid"
"258","BHR","2021-05-30",1706904,"owid"
"259","BHR","2021-05-31",1732728,"owid"
"260","BHR","2021-06-01",1755570,"owid"
"261","BHR","2021-06-02",1775070,"owid"
"262","BHR","2021-06-03",1788987,"owid"
"263","BHR","2021-06-04",1804659,"owid"
"264","BHR","2021-06-05",1813734,"owid"
"265","BHR","2021-06-06",1826466,"owid"
"266","BHR","2021-06-07",1838561,"owid"
"267","BHR","2021-06-08",1849847,"owid"
"268","BHR","2021-06-09",1859585,"owid"
"269","BHR","2021-06-10",1869888,"owid"
"270","BHR","2021-06-11",1876554,"owid"
"271","BHR","2021-06-12",1883641,"owid"
"272","DZA","2021-01-29",0,"owid"
"273","DZA","2021-01-30",30,"owid"
"274","DZA","2021-02-19",75000,"owid"
"275","DZA","2021-06-06",2500000,"owid"
"276","EGY","2021-01-24",0,"owid"
"277","EGY","2021-01-30",1315,"owid"
"278","EGY","2021-03-27",164534,"owid"
"279","EGY","2021-04-18",660000,"owid"
"280","EGY","2021-05-09",1300212,"owid"
"281","EGY","2021-05-11",1371976,"owid"
"282","EGY","2021-05-22",1877993,"owid"
"283","EGY","2021-05-23",1962216,"owid"
"284","EGY","2021-05-24",2059987,"owid"
"285","EGY","2021-05-25",2128164,"owid"
"286","EGY","2021-05-29",2586274,"owid"
"287","EGY","2021-06-01",2822479,"owid"
"288","EGY","2021-06-09",3340216,"owid"
"289","IRQ","2021-03-01",0,"owid"
"290","IRQ","2021-03-16",16872,"manual"
"291","IRQ","2021-03-17",16943,"manual"
"292","IRQ","2021-03-18",17064,"manual"
"293","IRQ","2021-03-19",17064,"manual"
"294","IRQ","2021-03-20",17118,"manual"
"295","IRQ","2021-03-21",17118,"manual"
"296","IRQ","2021-03-22",17151,"manual"
"297","IRQ","2021-03-23",17212,"manual"
"298","IRQ","2021-03-24",17335,"manual"
"299","IRQ","2021-03-29",26727,"owid"
"300","IRQ","2021-04-04",93021,"owid"
"301","IRQ","2021-04-05",103006,"owid"
"302","IRQ","2021-04-12",152962,"owid"
"303","IRQ","2021-04-16",197914,"owid"
"304","IRQ","2021-04-23",298377,"owid"
"305","IRQ","2021-05-11",453361,"owid"
"306","IRQ","2021-05-21",520491,"owid"
"307","IRQ","2021-05-25",549969,"owid"
"308","IRQ","2021-05-28",582537,"owid"
"309","IRQ","2021-06-08",613840,"owid"
"310","ISR","2020-12-19",60,"owid"
"311","ISR","2020-12-20",7419,"owid"
"312","ISR","2020-12-21",32303,"owid"
"313","ISR","2020-12-22",76915,"owid"
"314","ISR","2020-12-23",139748,"owid"
"315","ISR","2020-12-24",213075,"owid"
"316","ISR","2020-12-25",251524,"owid"
"317","ISR","2020-12-26",284097,"owid"
"318","ISR","2020-12-27",388462,"owid"
"319","ISR","2020-12-28",523260,"owid"
"320","ISR","2020-12-29",679199,"owid"
"321","ISR","2020-12-30",831915,"owid"
"322","ISR","2020-12-31",990084,"owid"
"323","ISR","2021-01-01",1061314,"owid"
"324","ISR","2021-01-02",1132935,"owid"
"325","ISR","2021-01-03",1282330,"owid"
"326","ISR","2021-01-04",1434164,"owid"
"327","ISR","2021-01-05",1559011,"owid"
"328","ISR","2021-01-06",1662082,"owid"
"329","ISR","2021-01-07",1777899,"owid"
"330","ISR","2021-01-08",1844195,"owid"
"331","ISR","2021-01-09",1888671,"owid"
"332","ISR","2021-01-10",1932191,"owid"
"333","ISR","2021-01-11",1972441,"owid"
"334","ISR","2021-01-12",2031982,"owid"
"335","ISR","2021-01-13",2140706,"owid"
"336","ISR","2021-01-14",2265757,"owid"
"337","ISR","2021-01-15",2332249,"owid"
"338","ISR","2021-01-16",2387590,"owid"
"339","ISR","2021-01-17",2540288,"owid"
"340","ISR","2021-01-18",2730009,"owid"
"341","ISR","2021-01-19",2940098,"owid"
"342","ISR","2021-01-20",3160016,"owid"
"343","ISR","2021-01-21",3393533,"owid"
"344","ISR","2021-01-22",3502165,"owid"
"345","ISR","2021-01-23",3595482,"owid"
"346","ISR","2021-01-24",3804738,"owid"
"347","ISR","2021-01-25",4024628,"owid"
"348","ISR","2021-01-26",4229159,"owid"
"349","ISR","2021-01-27",4431556,"owid"
"350","ISR","2021-01-28",4641242,"owid"
"351","ISR","2021-01-29",4742369,"owid"
"352","ISR","2021-01-30",4819317,"owid"
"353","ISR","2021-01-31",4951828,"owid"
"354","ISR","2021-02-01",5069302,"owid"
"355","ISR","2021-02-02",5170104,"owid"
"356","ISR","2021-02-03",5281427,"owid"
"357","ISR","2021-02-04",5411723,"owid"
"358","ISR","2021-02-05",5474147,"owid"
"359","ISR","2021-02-06",5517816,"owid"
"360","ISR","2021-02-07",5640290,"owid"
"361","ISR","2021-02-08",5763965,"owid"
"362","ISR","2021-02-09",5897348,"owid"
"363","ISR","2021-02-10",6039613,"owid"
"364","ISR","2021-02-11",6192010,"owid"
"365","ISR","2021-02-12",6268351,"owid"
"366","ISR","2021-02-13",6326083,"owid"
"367","ISR","2021-02-14",6469670,"owid"
"368","ISR","2021-02-15",6626469,"owid"
"369","ISR","2021-02-16",6787808,"owid"
"370","ISR","2021-02-17",6924930,"owid"
"371","ISR","2021-02-18",7073391,"owid"
"372","ISR","2021-02-19",7150938,"owid"
"373","ISR","2021-02-20",7211163,"owid"
"374","ISR","2021-02-21",7368809,"owid"
"375","ISR","2021-02-22",7534026,"owid"
"376","ISR","2021-02-23",7681437,"owid"
"377","ISR","2021-02-24",7805163,"owid"
"378","ISR","2021-02-25",7921204,"owid"
"379","ISR","2021-02-26",7978836,"owid"
"380","ISR","2021-02-27",8018214,"owid"
"381","ISR","2021-02-28",8114081,"owid"
"382","ISR","2021-03-01",8220848,"owid"
"383","ISR","2021-03-02",8326367,"owid"
"384","ISR","2021-03-03",8434700,"owid"
"385","ISR","2021-03-04",8553015,"owid"
"386","ISR","2021-03-05",8610499,"owid"
"387","ISR","2021-03-06",8646342,"owid"
"388","ISR","2021-03-07",8749973,"owid"
"389","ISR","2021-03-08",8850205,"owid"
"390","ISR","2021-03-09",8953177,"owid"
"391","ISR","2021-03-10",9034765,"owid"
"392","ISR","2021-03-11",9126698,"owid"
"393","ISR","2021-03-12",9179086,"owid"
"394","ISR","2021-03-13",9212113,"owid"
"395","ISR","2021-03-14",9306766,"owid"
"396","ISR","2021-03-15",9404711,"owid"
"397","ISR","2021-03-16",9494590,"owid"
"398","ISR","2021-03-17",9570916,"owid"
"399","ISR","2021-03-18",9644698,"owid"
"400","ISR","2021-03-19",9679315,"owid"
"401","ISR","2021-03-20",9699656,"owid"
"402","ISR","2021-03-21",9753034,"owid"
"403","ISR","2021-03-22",9806724,"owid"
"404","ISR","2021-03-23",9816476,"owid"
"405","ISR","2021-03-24",9873565,"owid"
"406","ISR","2021-03-25",9918803,"owid"
"407","ISR","2021-03-26",9936011,"owid"
"408","ISR","2021-03-27",9941921,"owid"
"409","ISR","2021-03-28",9948505,"owid"
"410","ISR","2021-03-29",9985107,"owid"
"411","ISR","2021-03-30",10014980,"owid"
"412","ISR","2021-03-31",10042172,"owid"
"413","ISR","2021-04-01",10068578,"owid"
"414","ISR","2021-04-02",10079310,"owid"
"415","ISR","2021-04-03",10083526,"owid"
"416","ISR","2021-04-04",10115760,"owid"
"417","ISR","2021-04-05",10146979,"owid"
"418","ISR","2021-04-06",10172280,"owid"
"419","ISR","2021-04-07",10196037,"owid"
"420","ISR","2021-04-08",10221934,"owid"
"421","ISR","2021-04-09",10231348,"owid"
"422","ISR","2021-04-10",10236267,"owid"
"423","ISR","2021-04-11",10259249,"owid"
"424","ISR","2021-04-12",10280955,"owid"
"425","ISR","2021-04-13",10291311,"owid"
"426","ISR","2021-04-14",10299837,"owid"
"427","ISR","2021-04-15",10300693,"owid"
"428","ISR","2021-04-16",10310338,"owid"
"429","ISR","2021-04-17",10312993,"owid"
"430","ISR","2021-04-18",10327304,"owid"
"431","ISR","2021-04-19",10340472,"owid"
"432","ISR","2021-04-20",10353197,"owid"
"433","ISR","2021-04-21",10366241,"owid"
"434","ISR","2021-04-22",10379446,"owid"
"435","ISR","2021-04-23",10385257,"owid"
"436","ISR","2021-04-24",10387147,"owid"
"437","ISR","2021-04-25",10398683,"owid"
"438","ISR","2021-04-26",10411731,"owid"
"439","ISR","2021-04-27",10422483,"owid"
"440","ISR","2021-04-28",10433878,"owid"
"441","ISR","2021-04-29",10445138,"owid"
"442","ISR","2021-04-30",10449866,"owid"
"443","ISR","2021-05-01",10451063,"owid"
"444","ISR","2021-05-02",10460166,"owid"
"445","ISR","2021-05-03",10469190,"owid"
"446","ISR","2021-05-04",10477089,"owid"
"447","ISR","2021-05-05",10484046,"owid"
"448","ISR","2021-05-06",10490396,"owid"
"449","ISR","2021-05-07",10494335,"owid"
"450","ISR","2021-05-08",10494928,"owid"
"451","ISR","2021-05-09",10502317,"owid"
"452","ISR","2021-05-10",10509599,"owid"
"453","ISR","2021-05-11",10515643,"owid"
"454","ISR","2021-05-12",10520544,"owid"
"455","ISR","2021-05-13",10525829,"owid"
"456","ISR","2021-05-14",10527926,"owid"
"457","ISR","2021-05-15",10528229,"owid"
"458","ISR","2021-05-16",10529789,"owid"
"459","ISR","2021-05-17",10530708,"owid"
"460","ISR","2021-05-18",10537294,"owid"
"461","ISR","2021-05-19",10544179,"owid"
"462","ISR","2021-05-20",10549973,"owid"
"463","ISR","2021-05-21",10552193,"owid"
"464","ISR","2021-05-22",10552653,"owid"
"465","ISR","2021-05-23",10557959,"owid"
"466","ISR","2021-05-24",10563365,"owid"
"467","ISR","2021-05-25",10567415,"owid"
"468","ISR","2021-05-26",10570916,"owid"
"469","ISR","2021-05-27",10575464,"owid"
"470","ISR","2021-05-28",10577307,"owid"
"471","ISR","2021-05-29",10577570,"owid"
"472","ISR","2021-05-30",10580945,"owid"
"473","ISR","2021-05-31",10584401,"owid"
"474","ISR","2021-06-01",10587219,"owid"
"475","ISR","2021-06-02",10589888,"owid"
"476","ISR","2021-06-03",10592661,"owid"
"477","ISR","2021-06-04",10594127,"owid"
"478","ISR","2021-06-05",10594293,"owid"
"479","ISR","2021-06-06",10599323,"owid"
"480","ISR","2021-06-07",10604199,"owid"
"481","ISR","2021-06-08",10608748,"owid"
"482","ISR","2021-06-09",10613316,"owid"
"483","ISR","2021-06-10",10617591,"owid"
"484","ISR","2021-06-11",10618854,"owid"
"485","ISR","2021-06-12",10619001,"owid"
"486","JOR","2021-01-12",0,"owid"
"487","JOR","2021-01-23",30000,"owid"
"488","JOR","2021-01-31",40000,"owid"
"489","JOR","2021-02-22",80000,"owid"
"490","JOR","2021-02-25",150000,"owid"
"491","JOR","2021-03-15",204151,"owid"
"492","JOR","2021-03-17",241868,"owid"
"493","JOR","2021-03-21",272648,"owid"
"494","JOR","2021-03-24",320140,"owid"
"495","JOR","2021-03-30",409203,"owid"
"496","JOR","2021-04-07",524533,"owid"
"497","JOR","2021-04-14",665226,"owid"
"498","JOR","2021-04-19",732052,"owid"
"499","JOR","2021-04-29",919922,"owid"
"500","JOR","2021-05-04",1091048,"owid"
"501","JOR","2021-05-18",1419950,"owid"
"502","JOR","2021-05-26",1750000,"owid"
"503","JOR","2021-05-27",1879809,"owid"
"504","JOR","2021-05-28",1904235,"owid"
"505","JOR","2021-06-06",2307978,"owid"
"506","JOR","2021-06-08",2487617,"owid"
"507","JOR","2021-06-10",2515014,"owid"
"508","JOR","2021-06-11",2515652,"owid"
"509","KWT","2020-12-28",2500,"owid"
"510","KWT","2021-01-26",35000,"owid"
"511","KWT","2021-02-15",175000,"owid"
"512","KWT","2021-03-08",360000,"owid"
"513","KWT","2021-03-22",538000,"owid"
"514","KWT","2021-03-29",604861,"owid"
"515","KWT","2021-04-18",860000,"owid"
"516","KWT","2021-04-25",1000000,"owid"
"517","KWT","2021-05-04",1367000,"owid"
"518","KWT","2021-05-06",1440000,"owid"
"519","KWT","2021-05-16",1820000,"owid"
"520","LBN","2021-02-13",0,"owid"
"521","LBN","2021-02-14",48,"owid"
"522","LBN","2021-02-15",1280,"owid"
"523","LBN","2021-02-16",3266,"owid"
"524","LBN","2021-02-17",5932,"owid"
"525","LBN","2021-02-18",9605,"owid"
"526","LBN","2021-02-19",13329,"owid"
"527","LBN","2021-02-20",13329,"owid"
"528","LBN","2021-02-21",13329,"owid"
"529","LBN","2021-02-22",18031,"owid"
"530","LBN","2021-02-23",21575,"owid"
"531","LBN","2021-02-24",25393,"owid"
"532","LBN","2021-02-25",29820,"owid"
"533","LBN","2021-02-26",34991,"owid"
"534","LBN","2021-02-27",34991,"owid"
"535","LBN","2021-02-28",40593,"owid"
"536","LBN","2021-03-01",45859,"owid"
"537","LBN","2021-03-02",47625,"owid"
"538","LBN","2021-03-03",54585,"owid"
"539","LBN","2021-03-04",57474,"owid"
"540","LBN","2021-03-05",60538,"owid"
"541","LBN","2021-03-06",60740,"owid"
"542","LBN","2021-03-07",61330,"owid"
"543","LBN","2021-03-08",64007,"owid"
"544","LBN","2021-03-09",64974,"owid"
"545","LBN","2021-03-10",87216,"owid"
"546","LBN","2021-03-11",91967,"owid"
"547","LBN","2021-03-12",95888,"owid"
"548","LBN","2021-03-15",104725,"owid"
"549","LBN","2021-03-16",115164,"owid"
"550","LBN","2021-03-17",120890,"owid"
"551","LBN","2021-03-18",129487,"owid"
"552","LBN","2021-03-19",135277,"owid"
"553","LBN","2021-03-20",135349,"owid"
"554","LBN","2021-03-21",138420,"owid"
"555","LBN","2021-03-22",148119,"owid"
"556","LBN","2021-03-23",158018,"owid"
"557","LBN","2021-03-24",166015,"owid"
"558","LBN","2021-03-25",174031,"owid"
"559","LBN","2021-03-26",180074,"owid"
"560","LBN","2021-03-27",181127,"owid"
"561","LBN","2021-03-28",186712,"owid"
"562","LBN","2021-03-29",193903,"owid"
"563","LBN","2021-03-30",207647,"owid"
"564","LBN","2021-03-31",216286,"owid"
"565","LBN","2021-04-01",222332,"owid"
"566","LBN","2021-04-02",225708,"owid"
"567","LBN","2021-04-03",225842,"owid"
"568","LBN","2021-04-04",228050,"owid"
"569","LBN","2021-04-05",235303,"owid"
"570","LBN","2021-04-06",244772,"owid"
"571","LBN","2021-04-07",259153,"owid"
"572","LBN","2021-04-08",268578,"owid"
"573","LBN","2021-04-09",272379,"owid"
"574","LBN","2021-04-10",273587,"owid"
"575","LBN","2021-04-12",285966,"owid"
"576","LBN","2021-04-13",296165,"owid"
"577","LBN","2021-04-14",296168,"owid"
"578","LBN","2021-04-15",320623,"owid"
"579","LBN","2021-04-16",322647,"owid"
"580","LBN","2021-04-17",322768,"owid"
"581","LBN","2021-04-18",329452,"owid"
"582","LBN","2021-04-19",343286,"owid"
"583","LBN","2021-04-20",351792,"owid"
"584","LBN","2021-04-24",408532,"owid"
"585","LBN","2021-04-25",415562,"owid"
"586","LBN","2021-04-26",421905,"owid"
"587","LBN","2021-04-27",438268,"owid"
"588","LBN","2021-04-28",455275,"owid"
"589","LBN","2021-04-29",461160,"owid"
"590","LBN","2021-04-30",461726,"owid"
"591","LBN","2021-05-01",461758,"owid"
"592","LBN","2021-05-02",465909,"owid"
"593","LBN","2021-05-03",473740,"owid"
"594","LBN","2021-05-04",487974,"owid"
"595","LBN","2021-05-05",500984,"owid"
"596","LBN","2021-05-06",509705,"owid"
"597","LBN","2021-05-14",581068,"owid"
"598","LBN","2021-05-15",581518,"owid"
"599","LBN","2021-05-16",586734,"owid"
"600","LBN","2021-05-17",606994,"owid"
"601","LBN","2021-05-18",618414,"owid"
"602","LBN","2021-05-19",631679,"owid"
"603","LBN","2021-05-20",651850,"owid"
"604","LBN","2021-05-21",661049,"owid"
"605","LBN","2021-05-22",661609,"owid"
"606","LBN","2021-05-23",664814,"owid"
"607","LBN","2021-05-24",678178,"owid"
"608","LBN","2021-05-25",682096,"owid"
"609","LBN","2021-05-26",715286,"owid"
"610","LBN","2021-05-27",725333,"owid"
"611","LBN","2021-05-28",737328,"owid"
"612","LBN","2021-05-29",742365,"owid"
"613","LBN","2021-05-30",752172,"owid"
"614","LBN","2021-05-31",774435,"owid"
"615","LBN","2021-06-01",800140,"owid"
"616","LBN","2021-06-02",819518,"owid"
"617","LBN","2021-06-03",848020,"owid"
"618","LBN","2021-06-04",849471,"owid"
"619","LBN","2021-06-05",852090,"owid"
"620","LBN","2021-06-06",863134,"owid"
"621","LBN","2021-06-07",886996,"owid"
"622","LBN","2021-06-08",907418,"owid"
"623","LBN","2021-06-09",928148,"owid"
"624","LBN","2021-06-10",948962,"owid"
"625","LBN","2021-06-11",963223,"owid"
"626","LBN","2021-06-12",985318,"owid"
"627","MAR","2021-01-28",0,"owid"
"628","MAR","2021-01-30",90000,"owid"
"629","MAR","2021-01-31",126000,"owid"
"630","MAR","2021-02-01",200081,"owid"
"631","MAR","2021-02-02",257291,"owid"
"632","MAR","2021-02-03",308398,"owid"
"633","MAR","2021-02-04",351723,"owid"
"634","MAR","2021-02-05",408235,"owid"
"635","MAR","2021-02-06",463966,"owid"
"636","MAR","2021-02-08",550149,"owid"
"637","MAR","2021-02-09",615181,"owid"
"638","MAR","2021-02-10",746116,"owid"
"639","MAR","2021-02-11",855318,"owid"
"640","MAR","2021-02-12",1112103,"owid"
"641","MAR","2021-02-13",1388539,"owid"
"642","MAR","2021-02-15",1707091,"owid"
"643","MAR","2021-02-16",1904169,"owid"
"644","MAR","2021-02-17",2081013,"owid"
"645","MAR","2021-02-18",2233123,"owid"
"646","MAR","2021-02-19",2362150,"owid"
"647","MAR","2021-02-20",2461192,"owid"
"648","MAR","2021-02-22",2575684,"owid"
"649","MAR","2021-02-23",2667091,"owid"
"650","MAR","2021-02-24",2948945,"owid"
"651","MAR","2021-02-25",3204105,"owid"
"652","MAR","2021-02-26",3424295,"owid"
"653","MAR","2021-02-27",3597903,"owid"
"654","MAR","2021-03-01",3801650,"owid"
"655","MAR","2021-03-02",3951325,"owid"
"656","MAR","2021-03-03",4105862,"owid"
"657","MAR","2021-03-04",4233129,"owid"
"658","MAR","2021-03-05",4377629,"owid"
"659","MAR","2021-03-06",4492557,"owid"
"660","MAR","2021-03-08",4613292,"owid"
"661","MAR","2021-03-09",4734200,"owid"
"662","MAR","2021-03-10",4934283,"owid"
"663","MAR","2021-03-11",5102685,"owid"
"664","MAR","2021-03-12",5394092,"owid"
"665","MAR","2021-03-13",5682508,"owid"
"666","MAR","2021-03-15",5992783,"owid"
"667","MAR","2021-03-16",6197382,"owid"
"668","MAR","2021-03-17",6360732,"owid"
"669","MAR","2021-03-19",6611161,"owid"
"670","MAR","2021-03-20",6687548,"owid"
"671","MAR","2021-03-22",6781503,"owid"
"672","MAR","2021-03-23",6858400,"owid"
"673","MAR","2021-03-24",7128976,"owid"
"674","MAR","2021-03-25",7360398,"owid"
"675","MAR","2021-03-26",7525286,"owid"
"676","MAR","2021-03-27",7634475,"owid"
"677","MAR","2021-03-29",7758500,"owid"
"678","MAR","2021-03-30",7882300,"owid"
"679","MAR","2021-03-31",7994600,"owid"
"680","MAR","2021-04-01",8096454,"owid"
"681","MAR","2021-04-02",8171651,"owid"
"682","MAR","2021-04-03",8240870,"owid"
"683","MAR","2021-04-05",8303056,"owid"
"684","MAR","2021-04-06",8375241,"owid"
"685","MAR","2021-04-07",8448106,"owid"
"686","MAR","2021-04-08",8509229,"owid"
"687","MAR","2021-04-09",8552304,"owid"
"688","MAR","2021-04-10",8606571,"owid"
"689","MAR","2021-04-11",8635238,"owid"
"690","MAR","2021-04-13",8650872,"owid"
"691","MAR","2021-04-14",8696100,"owid"
"692","MAR","2021-04-15",8728449,"owid"
"693","MAR","2021-04-16",8763819,"owid"
"694","MAR","2021-04-17",8841456,"owid"
"695","MAR","2021-04-19",8860662,"owid"
"696","MAR","2021-04-20",8878445,"owid"
"697","MAR","2021-04-21",8901652,"owid"
"698","MAR","2021-04-22",8914956,"owid"
"699","MAR","2021-04-23",8941120,"owid"
"700","MAR","2021-04-26",8951316,"owid"
"701","MAR","2021-04-27",9041985,"owid"
"702","MAR","2021-04-28",9239973,"owid"
"703","MAR","2021-04-30",9315054,"owid"
"704","MAR","2021-05-01",9315844,"owid"
"705","MAR","2021-05-03",9389397,"owid"
"706","MAR","2021-05-04",9558639,"owid"
"707","MAR","2021-05-05",9680954,"owid"
"708","MAR","2021-05-07",9793139,"owid"
"709","MAR","2021-05-08",9864561,"owid"
"710","MAR","2021-05-10",10131795,"owid"
"711","MAR","2021-05-11",10317649,"owid"
"712","MAR","2021-05-12",10436046,"owid"
"713","MAR","2021-05-14",10491095,"owid"
"714","MAR","2021-05-15",10672075,"owid"
"715","MAR","2021-05-17",11001373,"owid"
"716","MAR","2021-05-18",11349546,"owid"
"717","MAR","2021-05-19",11703585,"owid"
"718","MAR","2021-05-20",12015720,"owid"
"719","MAR","2021-05-21",12285298,"owid"
"720","MAR","2021-05-22",12467071,"owid"
"721","MAR","2021-05-24",12707952,"owid"
"722","MAR","2021-05-25",13165669,"owid"
"723","MAR","2021-05-31",14143401,"owid"
"724","MAR","2021-06-01",14413974,"owid"
"725","MAR","2021-06-02",14614443,"owid"
"726","MAR","2021-06-03",14913162,"owid"
"727","MAR","2021-06-05",15007487,"owid"
"728","MAR","2021-06-07",15380193,"owid"
"729","MAR","2021-06-08",15798674,"owid"
"730","MAR","2021-06-09",16042670,"owid"
"731","MAR","2021-06-10",16237673,"owid"
"732","MAR","2021-06-11",16409704,"owid"
"733","MAR","2021-06-12",16457911,"owid"
"734","MRT","2021-03-26",0,"owid"
"735","MRT","2021-04-01",1366,"owid"
"736","MRT","2021-04-08",2930,"owid"
"737","MRT","2021-04-18",7038,"owid"
"738","MRT","2021-05-09",15661,"owid"
"739","MRT","2021-05-21",25741,"owid"
"740","MRT","2021-05-23",28382,"owid"
"741","MRT","2021-05-26",28770,"owid"
"742","MRT","2021-05-31",37331,"owid"
"743","MRT","2021-06-08",43607,"owid"
"744","MRT","2021-06-10",44628,"owid"
"745","OMN","2020-12-28",1717,"owid"
"746","OMN","2020-12-29",3363,"owid"
"747","OMN","2020-12-30",5043,"owid"
"748","OMN","2020-12-31",6516,"owid"
"749","OMN","2021-01-02",7231,"owid"
"750","OMN","2021-01-03",8826,"owid"
"751","OMN","2021-01-04",10728,"owid"
"752","OMN","2021-01-05",12751,"owid"
"753","OMN","2021-01-06",14005,"owid"
"754","OMN","2021-01-07",14911,"owid"
"755","OMN","2021-01-08",14980,"owid"
"756","OMN","2021-01-09",15023,"owid"
"757","OMN","2021-01-10",15907,"owid"
"758","OMN","2021-01-11",18287,"owid"
"759","OMN","2021-01-12",20649,"owid"
"760","OMN","2021-01-13",22749,"owid"
"761","OMN","2021-01-14",24204,"owid"
"762","OMN","2021-01-16",24773,"owid"
"763","OMN","2021-01-17",25446,"owid"
"764","OMN","2021-01-18",26758,"owid"
"765","OMN","2021-01-19",28049,"owid"
"766","OMN","2021-01-20",29548,"owid"
"767","OMN","2021-01-23",30675,"owid"
"768","OMN","2021-01-24",32765,"owid"
"769","OMN","2021-01-25",34606,"owid"
"770","OMN","2021-01-26",36206,"owid"
"771","OMN","2021-01-27",37045,"owid"
"772","OMN","2021-02-08",39146,"owid"
"773","OMN","2021-02-09",41192,"owid"
"774","OMN","2021-02-10",43233,"owid"
"775","OMN","2021-02-11",45065,"owid"
"776","OMN","2021-02-12",46829,"owid"
"777","OMN","2021-02-13",47198,"owid"
"778","OMN","2021-02-14",48819,"owid"
"779","OMN","2021-02-15",50100,"owid"
"780","OMN","2021-02-16",56847,"owid"
"781","OMN","2021-02-17",58255,"owid"
"782","OMN","2021-02-18",59878,"owid"
"783","OMN","2021-02-19",61971,"owid"
"784","OMN","2021-02-20",62487,"owid"
"785","OMN","2021-02-21",64538,"owid"
"786","OMN","2021-02-22",66103,"owid"
"787","OMN","2021-02-23",67660,"owid"
"788","OMN","2021-03-09",94518,"owid"
"789","OMN","2021-03-10",98168,"owid"
"790","OMN","2021-03-15",105003,"owid"
"791","OMN","2021-03-17",109844,"owid"
"792","OMN","2021-03-22",120837,"owid"
"793","OMN","2021-03-24",129198,"owid"
"794","OMN","2021-03-29",139897,"owid"
"795","OMN","2021-03-31",151512,"owid"
"796","OMN","2021-04-05",171055,"owid"
"797","OMN","2021-04-12",188029,"owid"
"798","OMN","2021-04-14",192808,"owid"
"799","OMN","2021-04-19",217582,"owid"
"800","OMN","2021-04-21",244821,"owid"
"801","OMN","2021-05-17",296894,"owid"
"802","PSE","2021-03-30",81942,"owid"
"803","PSE","2021-03-31",87066,"owid"
"804","PSE","2021-04-01",93217,"owid"
"805","PSE","2021-04-03",100386,"owid"
"806","PSE","2021-04-04",102755,"owid"
"807","PSE","2021-04-05",111880,"owid"
"808","PSE","2021-04-06",121326,"owid"
"809","PSE","2021-04-07",132392,"owid"
"810","PSE","2021-04-08",143142,"owid"
"811","PSE","2021-04-09",152503,"owid"
"812","PSE","2021-04-10",152952,"owid"
"813","PSE","2021-04-11",154099,"owid"
"814","PSE","2021-04-12",161660,"owid"
"815","PSE","2021-04-13",168682,"owid"
"816","PSE","2021-04-14",173851,"owid"
"817","PSE","2021-04-15",177865,"owid"
"818","PSE","2021-04-16",182867,"owid"
"819","PSE","2021-04-17",182867,"owid"
"820","PSE","2021-04-18",183606,"owid"
"821","PSE","2021-04-19",192315,"owid"
"822","PSE","2021-04-21",202279,"owid"
"823","PSE","2021-04-22",206354,"owid"
"824","PSE","2021-04-23",213238,"owid"
"825","PSE","2021-04-24",213493,"owid"
"826","PSE","2021-05-05",453523,"owid"
"827","PSE","2021-05-12",466723,"owid"
"828","PSE","2021-05-14",466814,"owid"
"829","PSE","2021-05-16",467133,"owid"
"830","PSE","2021-05-17",469113,"owid"
"831","PSE","2021-05-18",471417,"owid"
"832","PSE","2021-05-19",472617,"owid"
"833","PSE","2021-05-20",475965,"owid"
"834","PSE","2021-05-26",489698,"owid"
"835","PSE","2021-05-27",508046,"owid"
"836","PSE","2021-05-29",522096,"owid"
"837","PSE","2021-05-31",540908,"owid"
"838","PSE","2021-06-01",556060,"owid"
"839","PSE","2021-06-02",572343,"owid"
"840","PSE","2021-06-03",590487,"owid"
"841","PSE","2021-06-04",607122,"owid"
"842","PSE","2021-06-05",607832,"owid"
"843","QAT","2020-12-22",0,"owid"
"844","QAT","2021-01-28",50000,"owid"
"845","QAT","2021-02-18",140000,"owid"
"846","QAT","2021-03-07",327000,"owid"
"847","QAT","2021-03-10",380000,"owid"
"848","QAT","2021-03-16",510000,"owid"
"849","QAT","2021-03-21",594613,"owid"
"850","QAT","2021-03-22",615655,"owid"
"851","QAT","2021-03-23",637461,"owid"
"852","QAT","2021-03-24",658325,"owid"
"853","QAT","2021-03-25",679278,"owid"
"854","QAT","2021-03-26",701943,"owid"
"855","QAT","2021-03-27",721236,"owid"
"856","QAT","2021-03-28",740309,"owid"
"857","QAT","2021-03-29",765110,"owid"
"858","QAT","2021-03-30",790676,"owid"
"859","QAT","2021-03-31",816484,"owid"
"860","QAT","2021-04-01",842000,"owid"
"861","QAT","2021-04-02",867209,"owid"
"862","QAT","2021-04-03",889202,"owid"
"863","QAT","2021-04-04",910851,"owid"
"864","QAT","2021-04-05",934843,"owid"
"865","QAT","2021-04-06",961555,"owid"
"866","QAT","2021-04-07",987673,"owid"
"867","QAT","2021-04-08",1012716,"owid"
"868","QAT","2021-04-09",1041632,"owid"
"869","QAT","2021-04-10",1062250,"owid"
"870","QAT","2021-04-11",1079776,"owid"
"871","QAT","2021-04-12",1104726,"owid"
"872","QAT","2021-04-13",1131631,"owid"
"873","QAT","2021-04-14",1159479,"owid"
"874","QAT","2021-04-15",1183191,"owid"
"875","QAT","2021-04-16",1209648,"owid"
"876","QAT","2021-04-17",1225110,"owid"
"877","QAT","2021-04-18",1248229,"owid"
"878","QAT","2021-04-19",1271478,"owid"
"879","QAT","2021-04-20",1296520,"owid"
"880","QAT","2021-04-21",1320866,"owid"
"881","QAT","2021-04-22",1345423,"owid"
"882","QAT","2021-04-23",1372396,"owid"
"883","QAT","2021-04-24",1394781,"owid"
"884","QAT","2021-04-25",1415761,"owid"
"885","QAT","2021-04-26",1442708,"owid"
"886","QAT","2021-04-27",1469633,"owid"
"887","QAT","2021-04-28",1496833,"owid"
"888","QAT","2021-04-29",1526775,"owid"
"889","QAT","2021-04-30",1556203,"owid"
"890","QAT","2021-05-01",1579002,"owid"
"891","QAT","2021-05-02",1603913,"owid"
"892","QAT","2021-05-03",1635398,"owid"
"893","QAT","2021-05-04",1670911,"owid"
"894","QAT","2021-05-05",1701914,"owid"
"895","QAT","2021-05-06",1732471,"owid"
"896","QAT","2021-05-07",1762545,"owid"
"897","QAT","2021-05-08",1787160,"owid"
"898","QAT","2021-05-09",1813240,"owid"
"899","QAT","2021-05-10",1844658,"owid"
"900","QAT","2021-05-11",1876178,"owid"
"901","QAT","2021-05-12",1911663,"owid"
"902","QAT","2021-05-13",1944628,"owid"
"903","QAT","2021-05-14",1976748,"owid"
"904","QAT","2021-05-15",2002018,"owid"
"905","QAT","2021-05-16",2035475,"owid"
"906","QAT","2021-05-17",2073354,"owid"
"907","QAT","2021-05-18",2109980,"owid"
"908","QAT","2021-05-19",2150749,"owid"
"909","QAT","2021-05-20",2190807,"owid"
"910","QAT","2021-05-21",2233616,"owid"
"911","QAT","2021-05-23",2293240,"owid"
"912","QAT","2021-05-24",2329338,"owid"
"913","QAT","2021-05-25",2365647,"owid"
"914","QAT","2021-05-26",2403165,"owid"
"915","QAT","2021-05-27",2440930,"owid"
"916","QAT","2021-05-28",2475837,"owid"
"917","QAT","2021-05-29",2491638,"owid"
"918","QAT","2021-05-30",2514585,"owid"
"919","QAT","2021-05-31",2545193,"owid"
"920","QAT","2021-06-01",2574692,"owid"
"921","QAT","2021-06-02",2600344,"owid"
"922","QAT","2021-06-03",2622285,"owid"
"923","QAT","2021-06-04",2643573,"owid"
"924","QAT","2021-06-05",2656695,"owid"
"925","QAT","2021-06-06",2676239,"owid"
"926","QAT","2021-06-07",2700942,"owid"
"927","QAT","2021-06-08",2716670,"owid"
"928","QAT","2021-06-09",2729437,"owid"
"929","QAT","2021-06-10",2748452,"owid"
"930","QAT","2021-06-11",2768028,"owid"
"931","QAT","2021-06-12",2780916,"owid"
"932","SAU","2021-01-06",137862,"owid"
"933","SAU","2021-01-09",178338,"owid"
"934","SAU","2021-01-16",295530,"owid"
"935","SAU","2021-01-23",391643,"owid"
"936","SAU","2021-01-30",440618,"owid"
"937","SAU","2021-02-10",444465,"owid"
"938","SAU","2021-02-13",446940,"owid"
"939","SAU","2021-02-15",462812,"owid"
"940","SAU","2021-02-17",501710,"owid"
"941","SAU","2021-02-22",600798,"owid"
"942","SAU","2021-02-24",639587,"owid"
"943","SAU","2021-02-27",780667,"owid"
"944","SAU","2021-03-01",885411,"owid"
"945","SAU","2021-03-02",1003287,"owid"
"946","SAU","2021-03-04",1182943,"owid"
"947","SAU","2021-03-05",1264878,"owid"
"948","SAU","2021-03-07",1332740,"owid"
"949","SAU","2021-03-08",1484935,"owid"
"950","SAU","2021-03-09",1585770,"owid"
"951","SAU","2021-03-10",1685881,"owid"
"952","SAU","2021-03-11",1823819,"owid"
"953","SAU","2021-03-12",1938934,"owid"
"954","SAU","2021-03-13",2082780,"owid"
"955","SAU","2021-03-14",2232110,"owid"
"956","SAU","2021-03-15",2394182,"owid"
"957","SAU","2021-03-16",2457425,"owid"
"958","SAU","2021-03-17",2580949,"owid"
"959","SAU","2021-03-18",2695966,"owid"
"960","SAU","2021-03-19",2922436,"owid"
"961","SAU","2021-03-20",3006419,"owid"
"962","SAU","2021-03-21",3194715,"owid"
"963","SAU","2021-03-22",3343287,"owid"
"964","SAU","2021-03-23",3505695,"owid"
"965","SAU","2021-03-24",3655546,"owid"
"966","SAU","2021-03-25",3810698,"owid"
"967","SAU","2021-03-26",3895858,"owid"
"968","SAU","2021-03-27",4003477,"owid"
"969","SAU","2021-03-28",4132630,"owid"
"970","SAU","2021-03-29",4250055,"owid"
"971","SAU","2021-03-30",4326576,"owid"
"972","SAU","2021-03-31",4432572,"owid"
"973","SAU","2021-04-01",4584006,"owid"
"974","SAU","2021-04-02",4729235,"owid"
"975","SAU","2021-04-03",4877442,"owid"
"976","SAU","2021-04-04",5000120,"owid"
"977","SAU","2021-04-05",5118039,"owid"
"978","SAU","2021-04-06",5345625,"owid"
"979","SAU","2021-04-07",5578229,"owid"
"980","SAU","2021-04-08",5846745,"owid"
"981","SAU","2021-04-09",5989026,"owid"
"982","SAU","2021-04-10",6132124,"owid"
"983","SAU","2021-04-11",6287432,"owid"
"984","SAU","2021-04-12",6411162,"owid"
"985","SAU","2021-04-13",6527823,"owid"
"986","SAU","2021-04-14",6584000,"owid"
"987","SAU","2021-04-15",6723186,"owid"
"988","SAU","2021-04-16",6831440,"owid"
"989","SAU","2021-04-17",6992242,"owid"
"990","SAU","2021-04-18",7190402,"owid"
"991","SAU","2021-04-19",7325016,"owid"
"992","SAU","2021-04-20",7459261,"owid"
"993","SAU","2021-04-21",7653634,"owid"
"994","SAU","2021-04-22",7809612,"owid"
"995","SAU","2021-04-23",7944950,"owid"
"996","SAU","2021-04-24",8059757,"owid"
"997","SAU","2021-04-25",8263836,"owid"
"998","SAU","2021-04-26",8488862,"owid"
"999","SAU","2021-04-27",8693407,"owid"
"1000","SAU","2021-04-28",8880219,"owid"
"1001","SAU","2021-04-29",9032921,"owid"
"1002","SAU","2021-04-30",9343991,"owid"
"1003","SAU","2021-05-01",9488912,"owid"
"1004","SAU","2021-05-02",9655519,"owid"
"1005","SAU","2021-05-03",9772409,"owid"
"1006","SAU","2021-05-04",9838285,"owid"
"1007","SAU","2021-05-05",9949971,"owid"
"1008","SAU","2021-05-06",10110907,"owid"
"1009","SAU","2021-05-07",10271299,"owid"
"1010","SAU","2021-05-08",10441854,"owid"
"1011","SAU","2021-05-09",10629320,"owid"
"1012","SAU","2021-05-10",10758710,"owid"
"1013","SAU","2021-05-11",10960820,"owid"
"1014","SAU","2021-05-12",11098788,"owid"
"1015","SAU","2021-05-13",11195164,"owid"
"1016","SAU","2021-05-14",11312391,"owid"
"1017","SAU","2021-05-15",11489358,"owid"
"1018","SAU","2021-05-16",11668767,"owid"
"1019","SAU","2021-05-17",11828549,"owid"
"1020","SAU","2021-05-18",12020008,"owid"
"1021","SAU","2021-05-19",12225726,"owid"
"1022","SAU","2021-05-20",12436389,"owid"
"1023","SAU","2021-05-21",12616680,"owid"
"1024","SAU","2021-05-22",12791781,"owid"
"1025","SAU","2021-05-23",12882532,"owid"
"1026","SAU","2021-05-24",13013462,"owid"
"1027","SAU","2021-05-25",13183309,"owid"
"1028","SAU","2021-05-26",13401177,"owid"
"1029","SAU","2021-05-27",13583574,"owid"
"1030","SAU","2021-05-28",13723119,"owid"
"1031","SAU","2021-05-29",13828247,"owid"
"1032","SAU","2021-05-30",14043763,"owid"
"1033","SAU","2021-05-31",14208292,"owid"
"1034","SAU","2021-06-01",14331774,"owid"
"1035","SAU","2021-06-02",14512466,"owid"
"1036","SAU","2021-06-03",14629297,"owid"
"1037","SAU","2021-06-04",14731457,"owid"
"1038","SAU","2021-06-05",14843196,"owid"
"1039","SAU","2021-06-06",14977476,"owid"
"1040","SAU","2021-06-07",15099896,"owid"
"1041","SAU","2021-06-08",15221683,"owid"
"1042","SAU","2021-06-09",15361514,"owid"
"1043","SAU","2021-06-10",15495105,"owid"
"1044","SAU","2021-06-11",15605844,"owid"
"1045","SAU","2021-06-12",15706724,"owid"
"1046","SDN","2021-03-10",0,"owid"
"1047","SDN","2021-04-05",43122,"owid"
"1048","SDN","2021-04-06",63837,"owid"
"1049","SDN","2021-04-10",100010,"owid"
"1050","SDN","2021-04-23",140227,"owid"
"1051","SDN","2021-05-30",358236,"owid"
"1052","SDN","2021-06-02",402114,"owid"
"1053","SDN","2021-06-07",465197,"owid"
"1054","SDN","2021-06-08",483520,"owid"
"1055","SYR","2021-03-01",0,"owid"
"1056","SYR","2021-04-08",2500,"owid"
"1057","SYR","2021-05-27",24781,"owid"
"1058","SYR","2021-06-06",71519,"owid"
"1059","TUN","2021-03-12",0,"owid"
"1060","TUN","2021-03-13",743,"owid"
"1061","TUN","2021-03-14",2076,"owid"
"1062","TUN","2021-03-15",2555,"owid"
"1063","TUN","2021-03-19",6861,"owid"
"1064","TUN","2021-03-21",12496,"owid"
"1065","TUN","2021-03-22",18020,"owid"
"1066","TUN","2021-03-23",22040,"owid"
"1067","TUN","2021-03-25",32026,"owid"
"1068","TUN","2021-03-26",38853,"owid"
"1069","TUN","2021-03-27",44311,"owid"
"1070","TUN","2021-03-29",53089,"owid"
"1071","TUN","2021-04-02",70769,"owid"
"1072","TUN","2021-04-03",80140,"owid"
"1073","TUN","2021-04-04",88543,"owid"
"1074","TUN","2021-04-05",98057,"owid"
"1075","TUN","2021-04-06",104922,"owid"
"1076","TUN","2021-04-07",112254,"owid"
"1077","TUN","2021-04-08",124779,"owid"
"1078","TUN","2021-04-09",130374,"owid"
"1079","TUN","2021-04-10",142932,"owid"
"1080","TUN","2021-04-11",154647,"owid"
"1081","TUN","2021-04-12",166093,"owid"
"1082","TUN","2021-04-13",175439,"owid"
"1083","TUN","2021-04-14",183025,"owid"
"1084","TUN","2021-04-15",191625,"owid"
"1085","TUN","2021-04-18",225900,"owid"
"1086","TUN","2021-04-19",239398,"owid"
"1087","TUN","2021-04-20",252672,"owid"
"1088","TUN","2021-04-21",265365,"owid"
"1089","TUN","2021-04-22",279890,"owid"
"1090","TUN","2021-04-23",293073,"owid"
"1091","TUN","2021-04-24",306612,"owid"
"1092","TUN","2021-04-25",320009,"owid"
"1093","TUN","2021-04-26",333000,"owid"
"1094","TUN","2021-04-27",345914,"owid"
"1095","TUN","2021-04-28",358746,"owid"
"1096","TUN","2021-04-30",372083,"owid"
"1097","TUN","2021-05-01",400364,"owid"
"1098","TUN","2021-05-02",415801,"owid"
"1099","TUN","2021-05-03",424485,"owid"
"1100","TUN","2021-05-04",432878,"owid"
"1101","TUN","2021-05-05",444490,"owid"
"1102","TUN","2021-05-06",457568,"owid"
"1103","TUN","2021-05-07",478755,"owid"
"1104","TUN","2021-05-08",499369,"owid"
"1105","TUN","2021-05-09",518538,"owid"
"1106","TUN","2021-05-10",537380,"owid"
"1107","TUN","2021-05-15",570553,"owid"
"1108","TUN","2021-05-16",599969,"owid"
"1109","TUN","2021-05-17",628107,"owid"
"1110","TUN","2021-05-18",656077,"owid"
"1111","TUN","2021-05-19",684173,"owid"
"1112","TUN","2021-05-21",738667,"owid"
"1113","TUN","2021-05-22",765751,"owid"
"1114","TUN","2021-05-23",788578,"owid"
"1115","TUN","2021-05-24",809163,"owid"
"1116","TUN","2021-05-25",831824,"owid"
"1117","TUN","2021-05-26",853432,"owid"
"1118","TUN","2021-05-27",875808,"owid"
"1119","TUN","2021-05-28",899109,"owid"
"1120","TUN","2021-05-29",922838,"owid"
"1121","TUN","2021-05-30",942532,"owid"
"1122","TUN","2021-05-31",958951,"owid"
"1123","TUN","2021-06-01",983647,"owid"
"1124","TUN","2021-06-02",1016860,"owid"
"1125","TUN","2021-06-03",1051796,"owid"
"1126","TUN","2021-06-04",1088158,"owid"
"1127","TUN","2021-06-05",1126036,"owid"
"1128","TUN","2021-06-06",1159924,"owid"
"1129","TUN","2021-06-07",1192895,"owid"
"1130","TUN","2021-06-08",1223563,"owid"
"1131","TUN","2021-06-09",1252125,"owid"
